job_title,company,location,salary_min,salary_max,skills,date,description,url,scraped_at,salary_midpoint,salary_category,work_mode
Payroll specialist UK,EZSpace Ventures,"Wayanad,",,,"['customer support', 'mobile', 'sys admin', 'full time', 'non tech', 'payroll', 'dev', 'exec', 'ops', 'excel', 'digital nomad']",2026-08-10 10:17:15+00:00,"🚨<strong>WE’RE HIRING | UK PAYROLL EXECUTIVE 🇬🇧💼<br><br></strong>We’re hiring <strong>UK Payroll Executives for one of our clients</strong> and looking for professionals with hands-on experience in <strong>UK Payroll &amp; HMRC compliance</strong>.<br><br>📍 <strong>Location:</strong> Wayanad, Kerala<br><br>💼 <strong>Experience:</strong> 2–8 Years<br><br>👥 <strong>Openings:</strong> 20<br><br>🏢 <strong>Work Mode:</strong> In-Office<br><br>🔄 <strong>Relocation:</strong> Candidates must be willing to relocate to Wayanad<br><br><strong>🔑 What We're Looking For<br><br></strong>✔️ UK Payroll Processing<br><br>✔️ PAYE &amp; Income Tax<br><br>✔️ National Insurance (NI)<br><br>✔️ HMRC Compliance &amp; RTI<br><br>✔️ UK Pension Administration &amp; Auto Enrolment<br><br>✔️ SSP / SMP / SPP / SAP<br><br>✔️ Payroll Reconciliation &amp; Reporting<br><br>✔️ Payroll Queries &amp; Employee Support<br><br>✔️ Strong Excel &amp; analytical skills<br><br>💻 <strong>Payroll software experience</strong> such as Sage, BrightPay, IRIS, Moorepay, ADP UK, Cintra, Xero or QuickBooks Payroll is an added advantage.<br><br>🎯 <strong>Ideal Candidate:</strong> Someone with strong UK payroll knowledge who can independently manage payroll operations while ensuring accuracy and statutory compliance.<br><br>Skills: payroll software,payroll management,uk process,payroll administration,uk shift,sap payroll,employee central payroll,uk tax,payroll processing,uk payroll<br/><br/>Please mention the word **EXALT** and tag RMjQwOTo0MDg4OjgwMTU6YzhjZDoyNDQyOmU3N2E6NzdiYzozYjU4 when applying to show you read the job post completely (#RMjQwOTo0MDg4OjgwMTU6YzhjZDoyNDQyOmU3N2E6NzdiYzozYjU4). This is a beta feature to avoid spam applicants. Companies can search these words to find applicants that read this and see they're human.",https://remoteOK.com/remote-jobs/remote-payroll-specialist-uk-ezspace-ventures-1136367,2026-08-11 16:13:47,,Not Disclosed,In-Office
General Staff Position,Hunt Remotely,"Kharagpur-I,",,,[],2026-08-10 04:02:55+00:00,"Compucorp is currently looking for talented individuals to join our team. We frequently add new positions and encourage interested candidates to apply.<br><br><strong>Application Instructions:</strong> To ensure you have read the job post completely, please include the word <strong>DOMINATED</strong> and the tag <strong>RMTg1LjY2LjkwLjIw</strong> in your application.<br/><br/>Please mention the word **DREAMLAND** and tag RMjQwOTo0MDg4OjgwMTU6YzhjZDoyNDQyOmU3N2E6NzdiYzozYjU4 when applying to show you read the job post completely (#RMjQwOTo0MDg4OjgwMTU6YzhjZDoyNDQyOmU3N2E6NzdiYzozYjU4). This is a beta feature to avoid spam applicants. Companies can search these words to find applicants that read this and see they're human.",https://remoteOK.com/remote-jobs/remote-general-staff-position-hunt-remotely-1136362,2026-08-11 16:13:47,,Not Disclosed,Not Specified
Jobs,Whiterose Janitorial Services,"Toronto,",,,"['education', 'exec', 'medical']",2026-08-09 15:12:24+00:00,"<ul><li>Home</li><li>About</li><li>Jobs</li><li>Our Services</li><ul><li>Multi-Residential Janitorial</li><li>Superintendent Services</li><li>Commercial Janitorial</li></ul><li>Contact</li></ul><ul><li>Home</li><li>About</li><li>Jobs</li><li>Our Services</li><ul><li>Multi-Residential Janitorial</li><li>Superintendent Services</li><li>Commercial Janitorial</li></ul><li>Contact<br></li></ul>Phone-alt Envelope<br><br>Free Quote<br><br>Jobs<br><br>Our Employee Commitment<br><br>At WhiteRose, our dedicated and highly qualified staff members are at the heart of our business. We treat all our employees with dignity and respect and recognize outstanding on-the-job performance.<br><br>Apply Now!<br><br>Slip, Trip, &amp; Fall Prevention Programs<br><br>WhiteRose is a leader in the prevention of slips, trips and falls. We provide our employees with the best safety training the industry has to offer, to ensure both their personal safety and that of our clients.<br><br>WhiteRose Scholars Program – Scholarships Canada<br><br>WhiteRose has partnered with Universities Canada to be able to provide 30 academic scholarships for our employees and their dependents each year!<br><br>Employee Health Spending Account<br><br>WhiteRose has partnered with myHSA to implement an Employee Health Spending Account. This program is funded directly by WhiteRose to spend on any health- related expenses they choose.<br><br>Join Our Mission &amp; Team<br><br>Interested in being part of a green company that values its employees and is passionate about customer service?<br><br>At WhiteRose, our dedicated and highly qualified staff members are at the heart of our business. We treat all our employees with dignity and respect and recognize outstanding on-the-job performance. Submit an application today to become part of our growing team.<br><br>Apply Today<br><br>Job Application<br><br>Please complete the following form if you have janitorial services experience and would like to join our team.<br><br>Complete el siguiente formulario para solicitar un trabajo en WhiteRose.<br><br>Mangyaring kumpletuhin ang sumusunod na form upang mag-aplay para sa isang trabaho sa WhiteRose.<br><br>Name / Nombre / Pangalan<br><br>Telephone / Telepono / Teléfono<br><br>Email / Correo Electrónico<br><br>Quick Question?<br><br>Just ask!<br><br>Popular PAges<br><br><ul><li>About Us</li><li>Feedback</li><li>Contact Us</li><li>Health</li><li>Safety</li><li>About Us</li><li>Feedback</li><li>Contact Us</li><li>Health</li><li>Safety<br><br></li></ul>Contact<br><br><ul><li> 416 850-9676 </li><li> info@whiterosejanitorial.com </li><li> 65 Wellesley Street East, Suite 400 Toronto, Ontario, M4Y 1G7<br><br></li></ul>Social Links<br><br>Facebook Instagram Linkedin<br><br>© 2026 Sparrow Websites Launch Kits<br><br>Made with ❤ by Sparrow Websites<br/><br/>Please mention the word **RELAXED** and tag RMjQwOTo0MDg4OjgwMTU6YzhjZDoyNDQyOmU3N2E6NzdiYzozYjU4 when applying to show you read the job post completely (#RMjQwOTo0MDg4OjgwMTU6YzhjZDoyNDQyOmU3N2E6NzdiYzozYjU4). This is a beta feature to avoid spam applicants. Companies can search these words to find applicants that read this and see they're human.",https://remoteOK.com/remote-jobs/remote-jobs-whiterose-janitorial-services-1136357,2026-08-11 16:13:47,,Not Disclosed,Not Specified
Beekeeper Academy of Achievement,American Academy of Achievement,"Thunder Bay,",,,['c'],2026-08-08 22:34:52+00:00,"<ul><li>Home</li><li>Our Members</li><ul><li>Member Interviews</li><li>The Arts</li><li>Business</li><li>Science &amp; Exploration</li><li>Public Service</li><li>Sports</li><li>Achiever Universe</li></ul><li>The Summit</li><ul><li>Overview</li><li>2024</li><li>2022</li><li>2019</li><li>2017</li><li>2014</li><li>2012</li><li>2010</li><li>2009</li><li>2008</li><li>2007</li><li>2006</li><li>2005</li><li>2004</li><li>2003</li><li>2002</li></ul><li>Our History</li><ul><li>About The Academy</li><li>Academy Patrons</li><li>Delegate Alumni</li><li>Directors &amp; Our Team</li><li>Golden Plate Awards Council</li><li>Golden Plate Awardees</li></ul><li>Keys to Success</li><ul><li>Overview</li><li>Passion</li><li>Vision</li><li>Preparation</li><li>Courage</li><li>Perseverance</li><li>Integrity</li><li>The American Dream</li><li>Recommended Books</li><li>Find My Role Model<br></li></ul></ul>Back to home<br><br>Career: Beekeeper<br><br>Sorry, no results were found.<br><br><ul><li>Hank Aaron</li><li>Kareem Abdul-Jabbar</li><li>Lynsey Addario</li><li>Edward Albee</li><li>Tenley Albright, M.D.</li><li>Svetlana Alexievich</li><li>Dame Julie Andrews</li><li>Maya Angelou</li><li>Frances H. Arnold, Ph.D.</li><li>Robert D. Ballard, Ph.D.</li><li>Sir Roger Bannister</li><li>John Banville</li><li>Ehud Barak</li><li>Lee R. Berger, Ph.D.</li><li>Sir Tim Berners-Lee</li><li>Yogi Berra</li><li>Jeffrey P. Bezos</li><li>Benazir Bhutto</li><li>Simone Biles</li><li>Keith L. Black, M.D.</li><li>Elizabeth Blackburn, Ph.D.</li><li>David Boies</li><li>Norman E. Borlaug, Ph.D.</li><li>Benjamin C. Bradlee</li><li>Sergey Brin</li><li>J. Carter Brown</li><li>General Charles Q. Brown, Jr., USAF</li><li>Linda B. Buck, Ph.D.</li><li>Carol Burnett</li><li>George H. W. Bush</li><li>Susan Butcher</li><li>Sir Michael Caine</li><li>James Cameron</li><li>Benjamin S. Carson, M.D.</li><li>Jimmy Carter</li><li>Johnny Cash</li><li>William J. Clinton</li><li>Francis S. Collins, M.D., Ph.D.</li><li>Denton A. Cooley, M.D.</li><li>Francis Ford Coppola</li><li>Ray Dalio</li><li>Dame Olivia de Havilland</li><li>Michael E. DeBakey, M.D.</li><li>Michael S. Dell</li><li>Ron Dennis</li><li>Joan Didion</li><li>David Herbert Donald, Ph.D.</li><li>David Doubilet</li><li>Jennifer A. Doudna, Ph.D.</li><li>Rita Dove</li><li>Gustavo Dudamel</li><li>Sylvia Earle, Ph.D.</li><li>Mohamed ElBaradei</li><li>Gertrude B. Elion, M.Sc.</li><li>Larry J. Ellison</li><li>Nora Ephron</li><li>Julius Erving</li><li>Tony Fadell</li><li>Paul Farmer, M.D.</li><li>Suzanne Farrell</li><li>Anthony S. Fauci, M.D.</li><li>Sally Field</li><li>Lord Norman Foster</li><li>Aretha Franklin</li><li>Milton Friedman, Ph.D.</li><li>Carlos Fuentes</li><li>Athol Fugard</li><li>Peter Gabriel</li><li>Ernest J. Gaines</li><li>William H. Gates III</li><li>Leymah Gbowee</li><li>Frank O. Gehry</li><li>Murray Gell-Mann, Ph.D.</li><li>Vince Gill</li><li>Ruth Bader Ginsburg</li><li>Louise Glück</li><li>Whoopi Goldberg</li><li>Dame Jane Goodall</li><li>Doris Kearns Goodwin, Ph.D.</li><li>Mikhail S. Gorbachev</li><li>Nadine Gordimer</li><li>Stephen Jay Gould, Ph.D.</li><li>Carol W. Greider, Ph.D.</li><li>John Grisham</li><li>Sir John Gurdon</li><li>Dorothy Hamill</li><li>Sir Demis Hassabis</li><li>Lauryn Hill</li><li>Sir Edmund Hillary</li><li>Reid Hoffman</li><li>Khaled Hosseini, M.D.</li><li>Ron Howard</li><li>John Hume</li><li>Louis Ignarro, Ph.D.</li><li>Daniel K. Inouye</li><li>Jeremy Irons</li><li>John Irving</li><li>Sir Kazuo Ishiguro</li><li>Sir Peter Jackson</li><li>Donald C. Johanson, Ph.D.</li><li>Frank M. Johnson, Jr.</li><li>Philip C. Johnson</li><li>Chuck Jones</li><li>James Earl Jones</li><li>Quincy Jones</li><li>Beverly Joubert</li><li>Dereck Joubert</li><li>Paul Kagame</li><li>Katalin Karikó, Ph.D.</li><li>Thomas Keller</li><li>Anthony M. Kennedy</li><li>B.B. King</li><li>Carole King</li><li>Coretta Scott King</li><li>Henry A. Kissinger, Ph.D.</li><li>Willem J. Kolff, M.D., Ph.D.</li><li>Wendy Kopp</li><li>Henry R. Kravis</li><li>Nicholas D. Kristof</li><li>Mike Krzyzewski</li><li>Ray Kurzweil</li><li>Eric S. Lander, Ph.D.</li><li>Robert S. Langer, Sc.D.</li><li>Richard E. Leakey</li><li>Katie Ledecky</li><li>Leon Lederman, Ph.D.</li><li>Robert J. Lefkowitz, M.D.</li><li>Congressman John R. Lewis</li><li>Maya Lin</li><li>Lord Andrew Lloyd Webber</li><li>George Lucas</li><li>Paul B. MacCready, Ph.D.</li><li>Norman Mailer</li><li>Peyton Manning</li><li>Wynton Marsalis</li><li>John C. Mather, Ph.D.</li><li>Johnny Mathis</li><li>Ernst Mayr, Ph.D.</li><li>Willie Mays</li><li>Frank McCourt</li><li>David McCullough</li><li>Audra McDonald</li><li>Admiral William H. McRaven, USN</li><li>W. S. Merwin</li><li>Reinhold Messner</li><li>James A. Michener</li><li>Marvin Minsky, Ph.D.</li><li>Mario J. Molina, Ph.D.</li><li>N. Scott Momaday, Ph.D.</li><li>Story Musgrave, M.D.</li><li>Ralph Nader</li><li>Peggy Noonan</li><li>Jessye Norman</li><li>Lt. Thomas R. Norris, USN</li><li>Lynn Nottage</li><li>Joyce Carol Oates</li><li>Pierre Omidyar</li><li>Jimmy Page</li><li>Larry Page</li><li>Arnold Palmer</li><li>Leon Panetta</li><li>Rosa Parks</li><li>Suzan-Lori Parks</li><li>Linus C. Pauling, Ph.D.</li><li>Shimon Peres</li><li>Itzhak Perlman</li><li>General David H. Petraeus, USA</li><li>Sidney Poitier</li><li>General Colin L. Powell, USA</li><li>Harold Prince</li><li>Venki Ramakrishnan, Ph.D.</li><li>Lord Martin Rees</li><li>Lloyd Richards</li><li>Sally K. Ride, Ph.D.</li><li>Cal Ripken Jr.</li><li>Sonny Rollins</li><li>Anthony D. Romero</li><li>James Rosenquist</li><li>Martine Rothblatt, Ph.D.</li><li>Pete Rozelle</li><li>Bill Russell</li><li>Albie Sachs</li><li>Oliver Sacks, M.D.</li><li>Jonas Salk, M.D.</li><li>Frederick Sanger, Ph.D.</li><li>George B. Schaller, Ph.D.</li><li>Barry Scheck</li><li>Richard Evans Schultes, Ph.D.</li><li>General H. Norman Schwarzkopf, USA</li><li>Stephen A. Schwarzman</li><li>Glenn T. Seaborg, Ph.D.</li><li>Neil Sheehan</li><li>Admiral Alan B. Shepard, Jr., USN</li><li>Cindy Sherman</li><li>Ellen Johnson Sirleaf</li><li>Carlos Slim Helú</li><li>Frederick W. Smith</li><li>Stephen Sondheim</li><li>Sonia Sotomayor</li><li>Wole Soyinka</li></ul><ul><li>Our History</li><ul><li>About the Academy</li><li>Academy Patrons</li><li>Delegate Alumni</li><li>Directors &amp; Our Team</li><li>Golden Plate Awards Council</li><li>Golden Plate Awardees<br><br></li></ul></ul><ul><li>Our Members</li><ul><li>The Arts</li><li>Business</li><li>Science &amp; Exploration</li><li>Public Service</li><li>Sports</li><li>Achiever Universe<br><br></li></ul></ul><ul><li>Keys to Success</li><ul><li>Keys to Success</li><li>Find My Role Model</li><li>Recommended Books</li></ul><li>The Summit</li><ul><li>Overview</li><li>Summit by Year<br></li></ul></ul>More from the Academy<br><br><ul><li> Podcast </li><li> Apple Books <br><br></li></ul>© 1996 - 2026 American Academy of Achievement. All Rights Reserved.<br><br><ul><li>Underwriter</li><li>Contact Us</li><li>Frequently Asked Questions</li><li>Privacy Policy</li><li>Usage Policy<br><br></li></ul>View the full list of achievers<br/><br/>Please mention the word **UNRESTRICTED** and tag RMjQwOTo0MDg4OjgwMTU6YzhjZDoyNDQyOmU3N2E6NzdiYzozYjU4 when applying to show you read the job post completely (#RMjQwOTo0MDg4OjgwMTU6YzhjZDoyNDQyOmU3N2E6NzdiYzozYjU4). This is a beta feature to avoid spam applicants. Companies can search these words to find applicants that read this and see they're human.",https://remoteOK.com/remote-jobs/remote-beekeeper-academy-of-achievement-american-academy-of-achievement-1136345,2026-08-11 16:13:47,,Not Disclosed,Not Specified
Driver,Bapcor Retail,"Shepparton,",,,['ops'],2026-08-08 22:33:54+00:00,<strong>Job Description<br><br></strong>Work according to an assigned schedule. Upper Secondary School. Very limited work based experience-Upper Secondary School. Very limited work based experience (0 to 3 months)<br><br><strong>Qualifications<br><br></strong>Performs a number of routine tasks following set procedures in the field of Store Operations. Some<br/><br/>Please mention the word **SMARTLY** and tag RMjQwOTo0MDg4OjgwMTU6YzhjZDoyNDQyOmU3N2E6NzdiYzozYjU4 when applying to show you read the job post completely (#RMjQwOTo0MDg4OjgwMTU6YzhjZDoyNDQyOmU3N2E6NzdiYzozYjU4). This is a beta feature to avoid spam applicants. Companies can search these words to find applicants that read this and see they're human.,https://remoteOK.com/remote-jobs/remote-driver-bapcor-retail-1136341,2026-08-11 16:13:47,,Not Disclosed,Not Specified
Recognizing the Friction,tClara,"Much Cowarne,",,,['c'],2026-08-08 22:29:56+00:00,"Virtual works adequately for many meetings. But how big is the gap between adequate and optimal for any given meeting? The mode decision should weigh the meeting's importance against the friction of meeting in person — not default to either one.<br><br>tClara<br><br><ul><li> survey of 522 US-based business leaders, including 95 C-suite respondents</li><li>Across 26 meeting goals, 43% of leaders rate in-person as the better mode, 35% say virtual, and 22% say mode barely matters — the decision is genuinely goal-dependent, not a fixed rule.</li><li>In-person is the preferred mode for 22 of 26 goals — especially building trust and teamwork, persuading or selling, and solving important problems.</li><li>Virtual is preferred for goals like gathering diverse opinions, sharing updates, and using people's time efficiently.</li><li>Virtual meetings are seen as nearly twice as likely to produce a negative outcome as in-person meetings (47% vs. 25%) — convenience carries real risk.</li><li>70% of leaders say a deliberate blend of virtual and in-person work allows them to do their best work; C-suite respondents value in-person meetings more than other leaders do (53% vs. 41%).</li></ul><br/><br/>Please mention the word **GALLANTLY** and tag RMjQwOTo0MDg4OjgwMTU6YzhjZDoyNDQyOmU3N2E6NzdiYzozYjU4 when applying to show you read the job post completely (#RMjQwOTo0MDg4OjgwMTU6YzhjZDoyNDQyOmU3N2E6NzdiYzozYjU4). This is a beta feature to avoid spam applicants. Companies can search these words to find applicants that read this and see they're human.",https://remoteOK.com/remote-jobs/remote-recognizing-the-friction-tclara-1136342,2026-08-11 16:13:47,,Not Disclosed,Not Specified
HOW APPLY,Captain PQ chemical industries Pvt. Limited,"How,",,,"['c', 'recruiter', 'customer support', 'travel', 'exec', 'finance', 'scheme', 'ops', 'medical', 'full time', 'part time', 'infosec', 'dev', 'digital nomad']",2026-08-08 18:26:42+00:00,Career At Captain-PQ<br><br><ul><li> How to apply </li><li> Current Jobs Opening <br><br></li></ul>Want to work at Captain-PQ?<br><br>The variety of our jobs reflects the image of our business. Candidates interested in pursuing and furthering their careers with Captain-PQ may send their resumes to us. We advertise job openings if available.<br><br>Job Application Form<br><br>Full Name *<br><br>Department *<br><br>AdministrationHR DepartmentIT DepartmentProductionQuality ControlFinanceMaintenanceGasifierSales &amp; MarketingSecurityPurchaseDissolverBoiler<br><br>Position *<br><br>Email *<br><br>Reconfirm Email *<br><br>Phone Number *<br><br>Address *<br><br>City *<br><br>Message *<br><br>Attach C.V. Choose File *<br><br>Note: Upload only MS WORD / PDF / TXT Format - 2MB or smaller<br><br>Security code<br><br>2+4=?<br/><br/>Please mention the word **EARNESTNESS** and tag RMjQwOTo0MDg4OjgwMTU6YzhjZDoyNDQyOmU3N2E6NzdiYzozYjU4 when applying to show you read the job post completely (#RMjQwOTo0MDg4OjgwMTU6YzhjZDoyNDQyOmU3N2E6NzdiYzozYjU4). This is a beta feature to avoid spam applicants. Companies can search these words to find applicants that read this and see they're human.,https://remoteOK.com/remote-jobs/remote-how-apply-captain-pq-chemical-industries-pvt-limited-1136344,2026-08-11 16:13:47,,Not Disclosed,Not Specified
Job Title,Corrtech Energy Limited,"Amet,",,,[],2026-08-08 17:42:59+00:00,"Lorem ipsum dolor sit amet, consectetur adipiscing elit, sed do eiusmod tempor incididun.<br><br>Aerospace &amp; Defence<br/><br/>Please mention the word **STELLAR** and tag RMjQwOTo0MDg4OjgwMTU6YzhjZDoyNDQyOmU3N2E6NzdiYzozYjU4 when applying to show you read the job post completely (#RMjQwOTo0MDg4OjgwMTU6YzhjZDoyNDQyOmU3N2E6NzdiYzozYjU4). This is a beta feature to avoid spam applicants. Companies can search these words to find applicants that read this and see they're human.",https://remoteOK.com/remote-jobs/remote-job-title-corrtech-energy-limited-1136337,2026-08-11 16:13:47,,Not Disclosed,Not Specified
St George’s Cares,Quintessence Films Limited,"St. George's,",,,[],2026-08-08 15:19:50+00:00,"Quintessence Films has helped many public and private sector organisations recruit and induct staff. From cabin crew to the Royal Marines, attracting the best talent is a challenge, and a well-crafted, engaging film can provide a valuable insight for prospective employees.<br/><br/>Please mention the word **AGILE** and tag RMjQwOTo0MDg4OjgwMTU6YzhjZDoyNDQyOmU3N2E6NzdiYzozYjU4 when applying to show you read the job post completely (#RMjQwOTo0MDg4OjgwMTU6YzhjZDoyNDQyOmU3N2E6NzdiYzozYjU4). This is a beta feature to avoid spam applicants. Companies can search these words to find applicants that read this and see they're human.",https://remoteOK.com/remote-jobs/remote-st-georges-cares-quintessence-films-limited-1136334,2026-08-11 16:13:47,,Not Disclosed,Not Specified
YOUR JOB DESCRIPTION HERE,Compucorp Inc,"Kharagpur-I,",,,[],2026-08-08 13:23:12+00:00,"OUR JOB LISTINGS<br><br>Compucorp is always looking for talented employees to add to our team. Take a look at our current open positions. Keep checking back new posts are added frequently.<br><br><strong><em><strong>YOUR JOB DESCRIPTION HERE<br><br></strong></em></strong>I am text block. Click edit button to change this text. Lorem ipsum dolor sit amet, consectetur adipiscing elit. Ut elit tellus, luctus nec ullamcorper mattis, pulvinar dapibus leo.<br><br><strong><em><strong>YOUR JOB DESCRIPTION HERE<br><br></strong></em></strong>I am text block. Click edit button to change this text. Lorem ipsum dolor sit amet, consectetur adipiscing elit. Ut elit tellus, luctus nec ullamcorper mattis, pulvinar dapibus leo.<br/><br/>Please mention the word **DOMINATED** and tag RMjQwOTo0MDg4OjgwMTU6YzhjZDoyNDQyOmU3N2E6NzdiYzozYjU4 when applying to show you read the job post completely (#RMjQwOTo0MDg4OjgwMTU6YzhjZDoyNDQyOmU3N2E6NzdiYzozYjU4). This is a beta feature to avoid spam applicants. Companies can search these words to find applicants that read this and see they're human.",https://remoteOK.com/remote-jobs/remote-your-job-description-here-compucorp-inc-1136336,2026-08-11 16:13:47,,Not Disclosed,Not Specified
CLASSIC,Get a Job,"Other Side Of The Moon,",,,"['game dev', 'mobile']",2026-08-08 12:24:00+00:00,<strong>Share This<br><br></strong><ul><li> Share on X (Opens in new window) X </li><li> Share on Facebook (Opens in new window) Facebook <br><br></li></ul>Like Loading...<br><br><em>Related<br><br></em><ul><li>coverletter</li><li>jobs</li><li>resumestuffups</li></ul><br/><br/>Please mention the word **GLORIFY** and tag RMjQwOTo0MDg4OjgwMTU6YzhjZDoyNDQyOmU3N2E6NzdiYzozYjU4 when applying to show you read the job post completely (#RMjQwOTo0MDg4OjgwMTU6YzhjZDoyNDQyOmU3N2E6NzdiYzozYjU4). This is a beta feature to avoid spam applicants. Companies can search these words to find applicants that read this and see they're human.,https://remoteOK.com/remote-jobs/remote-classic-get-a-job-1136333,2026-08-11 16:13:47,,Not Disclosed,Not Specified
WereBox,PlayToMax,"Puzzle Pocket,",,,"['game dev', 'mobile']",2026-08-08 12:11:12+00:00,"Werebox – physics game story begins in puzzle games online! Werebox is a mobile game where Good meets Evil. This is a world full of balls. But some of them can turn into the boxes! They are called wereboxes! The player’s goal is to kick all the bad red boxes off the screen and leave the rest good ones in puzzle games online. Use wisely your forces, ‘cause we don’t need unnecessary victims! Tap on the ball to transform it into the box and vice versa. Some objects can be transformed some not in puzzle games online. Clear the world from the bad wereboxes and save the planet!<br/><br/>Please mention the word **PLEASINGLY** and tag RMjQwOTo0MDg4OjgwMTU6YzhjZDoyNDQyOmU3N2E6NzdiYzozYjU4 when applying to show you read the job post completely (#RMjQwOTo0MDg4OjgwMTU6YzhjZDoyNDQyOmU3N2E6NzdiYzozYjU4). This is a beta feature to avoid spam applicants. Companies can search these words to find applicants that read this and see they're human.",https://remoteOK.com/remote-jobs/remote-werebox-playtomax-1136330,2026-08-11 16:13:47,,Not Disclosed,Not Specified
Exit Searcher,PlayToMax,"Puzzle Pocket,",,,[],2026-08-08 12:10:40+00:00,"Exit Searcher - play and find your way out in puzzle games online. Have you ever been put in a hopeless situation? Perhaps, everyone is familiar with a feeling of hopelessness but it doesn’t apply to our Exit Searcher. He works at a huge warehouse and knows perfectly all the ins and outs in puzzle games online. But someone always blocks the exit door with the packing boxes. He shifts the yellow boxes from place to place to find a way out. Help Exit Searcher get out from the blocked warehouse in puzzle games online.<br/><br/>Please mention the word **CHARISMATIC** and tag RMjQwOTo0MDg4OjgwMTU6YzhjZDoyNDQyOmU3N2E6NzdiYzozYjU4 when applying to show you read the job post completely (#RMjQwOTo0MDg4OjgwMTU6YzhjZDoyNDQyOmU3N2E6NzdiYzozYjU4). This is a beta feature to avoid spam applicants. Companies can search these words to find applicants that read this and see they're human.",https://remoteOK.com/remote-jobs/remote-exit-searcher-playtomax-1136328,2026-08-11 16:13:47,,Not Disclosed,Not Specified
Nocts,Skinventory,"Loch Sport,",,,[],2026-08-08 09:38:52+00:00,Exterior: Battle-Scarred<br><br>Synthetic fabrics make these athletic gloves durable and eye-catching.<br/><br/>Please mention the word **ADVENTURESOME** and tag RMjQwOTo0MDg4OjgwMTU6YzhjZDoyNDQyOmU3N2E6NzdiYzozYjU4 when applying to show you read the job post completely (#RMjQwOTo0MDg4OjgwMTU6YzhjZDoyNDQyOmU3N2E6NzdiYzozYjU4). This is a beta feature to avoid spam applicants. Companies can search these words to find applicants that read this and see they're human.,https://remoteOK.com/remote-jobs/remote-nocts-skinventory-1136329,2026-08-11 16:13:47,,Not Disclosed,Not Specified
Hiring Process,Beltrami County,"Hunterganj,",,,[],2026-08-08 06:22:42+00:00,"This website uses cookies to enhance usability and provide you with a more personal experience. By using this website, you agree to our use of cookies as explained in our Privacy Policy.<br/><br/>Please mention the word **GLADLY** and tag RMjQwOTo0MDg4OjgwMTU6YzhjZDoyNDQyOmU3N2E6NzdiYzozYjU4 when applying to show you read the job post completely (#RMjQwOTo0MDg4OjgwMTU6YzhjZDoyNDQyOmU3N2E6NzdiYzozYjU4). This is a beta feature to avoid spam applicants. Companies can search these words to find applicants that read this and see they're human.",https://remoteOK.com/remote-jobs/remote-hiring-process-beltrami-county-1136346,2026-08-11 16:13:47,,Not Disclosed,Not Specified
Wholesale,Mercanti,"Saint Philips,",,,"['game dev', 'customer support', 'dev', 'video', 'exec', 'senior', 'digital nomad']",2026-08-08 06:05:55+00:00,Register online and start shopping immediately. We can deliver to the whole of the UK using one of our courier partners. Find out more here.<br/><br/>Please mention the word **PLEASING** and tag RMjQwOTo0MDg4OjgwMTU6YzhjZDoyNDQyOmU3N2E6NzdiYzozYjU4 when applying to show you read the job post completely (#RMjQwOTo0MDg4OjgwMTU6YzhjZDoyNDQyOmU3N2E6NzdiYzozYjU4). This is a beta feature to avoid spam applicants. Companies can search these words to find applicants that read this and see they're human.,https://remoteOK.com/remote-jobs/remote-wholesale-mercanti-1136325,2026-08-11 16:13:47,,Not Disclosed,Not Specified
'This Time Feels Different,CHINADebate,"Anupgarh,",,,['exec'],2026-08-08 05:28:17+00:00,"All our careful analyses of PLA capabilities, the parsing of Mr. Xi’s and Mr. Biden’s statements, the predictions as to the year of the invasion, everything – all out the window. This is one you won’t see coming – but one you have to have prepared for.<br/><br/>Please mention the word **AMAZED** and tag RMjQwOTo0MDg4OjgwMTU6YzhjZDoyNDQyOmU3N2E6NzdiYzozYjU4 when applying to show you read the job post completely (#RMjQwOTo0MDg4OjgwMTU6YzhjZDoyNDQyOmU3N2E6NzdiYzozYjU4). This is a beta feature to avoid spam applicants. Companies can search these words to find applicants that read this and see they're human.",https://remoteOK.com/remote-jobs/remote-this-time-feels-different-chinadebate-1136327,2026-08-11 16:13:47,,Not Disclosed,Not Specified
Faint Cracks,CHINADebate,"March,",,,[],2026-08-08 05:25:08+00:00,"All our careful analyses of PLA capabilities, the parsing of Mr. Xi’s and Mr. Biden’s statements, the predictions as to the year of the invasion, everything – all out the window. This is one you won’t see coming – but one you have to have prepared for.<br/><br/>Please mention the word **ENDORSEMENT** and tag RMjQwOTo0MDg4OjgwMTU6YzhjZDoyNDQyOmU3N2E6NzdiYzozYjU4 when applying to show you read the job post completely (#RMjQwOTo0MDg4OjgwMTU6YzhjZDoyNDQyOmU3N2E6NzdiYzozYjU4). This is a beta feature to avoid spam applicants. Companies can search these words to find applicants that read this and see they're human.",https://remoteOK.com/remote-jobs/remote-faint-cracks-chinadebate-1136323,2026-08-11 16:13:47,,Not Disclosed,Not Specified
Management,Casna Group,"Roorkee,",,,['exec'],2026-08-08 04:42:31+00:00,"At Casna Group, we understand the importance of work-life balance. We offer flexible working hours to accommodate your schedule and personal commitments, ensuring that you have the freedom to manage your time effectively.<br/><br/>Please mention the word **PREFERS** and tag RMjQwOTo0MDg4OjgwMTU6YzhjZDoyNDQyOmU3N2E6NzdiYzozYjU4 when applying to show you read the job post completely (#RMjQwOTo0MDg4OjgwMTU6YzhjZDoyNDQyOmU3N2E6NzdiYzozYjU4). This is a beta feature to avoid spam applicants. Companies can search these words to find applicants that read this and see they're human.",https://remoteOK.com/remote-jobs/remote-management-casna-group-1136326,2026-08-11 16:13:47,,Not Disclosed,Not Specified
Corporate,Ulta 3 Cosmetics &amp; Salon,"Miles,",,,"['game dev', 'mobile']",2026-08-08 04:13:37+00:00,"Beauty is greater than just its end result. It’s also in the process—the joy of experimentation and discovery. At Ulta Beauty, we’re motivated to give “wow” experiences to every beauty enthusiast who visits our stores. If your passion aligns with ours, we think there’s no better place to share beauty—in all its amazing forms.<br/><br/>Please mention the word **LUXURIOUS** and tag RMjQwOTo0MDg4OjgwMTU6YzhjZDoyNDQyOmU3N2E6NzdiYzozYjU4 when applying to show you read the job post completely (#RMjQwOTo0MDg4OjgwMTU6YzhjZDoyNDQyOmU3N2E6NzdiYzozYjU4). This is a beta feature to avoid spam applicants. Companies can search these words to find applicants that read this and see they're human.",https://remoteOK.com/remote-jobs/remote-corporate-ulta-3-cosmetics-amp-salon-1136331,2026-08-11 16:13:47,,Not Disclosed,Not Specified
Distribution Centers,Ulta 3 Cosmetics &amp; Salon,"Miles,",,,"['game dev', 'mobile']",2026-08-08 04:13:26+00:00,"Beauty is greater than just its end result. It’s also in the process—the joy of experimentation and discovery. At Ulta Beauty, we’re motivated to give “wow” experiences to every beauty enthusiast who visits our stores. If your passion aligns with ours, we think there’s no better place to share beauty—in all its amazing forms.<br/><br/>Please mention the word **IMPROVEMENTS** and tag RMjQwOTo0MDg4OjgwMTU6YzhjZDoyNDQyOmU3N2E6NzdiYzozYjU4 when applying to show you read the job post completely (#RMjQwOTo0MDg4OjgwMTU6YzhjZDoyNDQyOmU3N2E6NzdiYzozYjU4). This is a beta feature to avoid spam applicants. Companies can search these words to find applicants that read this and see they're human.",https://remoteOK.com/remote-jobs/remote-distribution-centers-ulta-3-cosmetics-amp-salon-1136332,2026-08-11 16:13:47,,Not Disclosed,Not Specified
Veck IO,ProductionBeast,"Greater Anchorage Area,",,,[],2026-08-08 03:04:36+00:00,"The third strength is the user interface. The search bar allows instant access to specific Car games, which saves valuable time. The Popular Games section offers social proof by showing trending titles, while the regularly r… Learn more »<br/><br/>Please mention the word **ENLIGHTENMENT** and tag RMjQwOTo0MDg4OjgwMTU6YzhjZDoyNDQyOmU3N2E6NzdiYzozYjU4 when applying to show you read the job post completely (#RMjQwOTo0MDg4OjgwMTU6YzhjZDoyNDQyOmU3N2E6NzdiYzozYjU4). This is a beta feature to avoid spam applicants. Companies can search these words to find applicants that read this and see they're human.",https://remoteOK.com/remote-jobs/remote-veck-io-productionbeast-1136320,2026-08-11 16:13:47,,Not Disclosed,Not Specified
Driving Directions,ProductionBeast,"Lincoln,",,,[],2026-08-08 02:59:31+00:00,"Crossy Road doesn't have any complicated mechanics — you just hop, and that's it. https://crossyroad2.io<br/><br/>Please mention the word **EXCELLENCY** and tag RMjQwOTo0MDg4OjgwMTU6YzhjZDoyNDQyOmU3N2E6NzdiYzozYjU4 when applying to show you read the job post completely (#RMjQwOTo0MDg4OjgwMTU6YzhjZDoyNDQyOmU3N2E6NzdiYzozYjU4). This is a beta feature to avoid spam applicants. Companies can search these words to find applicants that read this and see they're human.",https://remoteOK.com/remote-jobs/remote-driving-directions-productionbeast-1136319,2026-08-11 16:13:47,,Not Disclosed,Not Specified
For India,Uniparts India Ltd.,"Greater Kolkata Area,",,,[],2026-08-08 02:26:06+00:00,Reference #18.cadf3517.1786155946.2a87f162https://errors.edgesuite.net/18.cadf3517.1786155946.2a87f162<br/><br/>Please mention the word **CONGENIAL** and tag RMjQwOTo0MDg4OjgwMTU6YzhjZDoyNDQyOmU3N2E6NzdiYzozYjU4 when applying to show you read the job post completely (#RMjQwOTo0MDg4OjgwMTU6YzhjZDoyNDQyOmU3N2E6NzdiYzozYjU4). This is a beta feature to avoid spam applicants. Companies can search these words to find applicants that read this and see they're human.,https://remoteOK.com/remote-jobs/remote-for-india-uniparts-india-ltd-1136318,2026-08-11 16:13:47,,Not Disclosed,Not Specified
JOIN OUR TEAM,Precision Safe Sidewalks,"North Carolina,",,,['c'],2026-08-08 02:22:40+00:00,"Join our team<br><br><strong>We are seeking qualified applicants for several positions in the Virginia, Washington, D.C., West Virginia, and North Carolina areas.<br><br></strong>Precision Safe Sidewalks is a rapidly growing, privately held corporation that offers a patented repair service to assist municipalities and privately owned properties in managing their sidewalk infrastructure.<br><br><strong>Click here </strong><strong>to see open positions with Precision Safe Sidewalks.</strong><br/><br/>Please mention the word **FONDLY** and tag RMjQwOTo0MDg4OjgwMTU6YzhjZDoyNDQyOmU3N2E6NzdiYzozYjU4 when applying to show you read the job post completely (#RMjQwOTo0MDg4OjgwMTU6YzhjZDoyNDQyOmU3N2E6NzdiYzozYjU4). This is a beta feature to avoid spam applicants. Companies can search these words to find applicants that read this and see they're human.",https://remoteOK.com/remote-jobs/remote-join-our-team-precision-safe-sidewalks-1136321,2026-08-11 16:13:47,,Not Disclosed,Not Specified
Come join our team,Belfast Area Chamber of Commerce,"Belfast,",,,[],2026-08-08 02:09:04+00:00,We are hiring! Various positions available. Check our our career page for more information!<br><br>www.vikinglumber.com/open-positions/<br/><br/>Please mention the word **ROSY** and tag RMjQwOTo0MDg4OjgwMTU6YzhjZDoyNDQyOmU3N2E6NzdiYzozYjU4 when applying to show you read the job post completely (#RMjQwOTo0MDg4OjgwMTU6YzhjZDoyNDQyOmU3N2E6NzdiYzozYjU4). This is a beta feature to avoid spam applicants. Companies can search these words to find applicants that read this and see they're human.,https://remoteOK.com/remote-jobs/remote-come-join-our-team-belfast-area-chamber-of-commerce-1136322,2026-08-11 16:13:47,,Not Disclosed,Not Specified
The Three Bills,Giant Leap Consulting,"Three Hills,",,,"['consulting', 'exec']",2026-08-07 21:07:53+00:00,"Congratulations! You've become a leader! At last, your ideas will be listened to, valued, and heeded. People will finally take you seriously. Now your impact, influence, and income will grow. Ah, the life of a leader. Issuing orders. Imparting wisdom. Developing...<br/><br/>Please mention the word **REMISSION** and tag RMjQwOTo0MDg4OjgwMTU6YzhjZDoyNDQyOmU3N2E6NzdiYzozYjU4 when applying to show you read the job post completely (#RMjQwOTo0MDg4OjgwMTU6YzhjZDoyNDQyOmU3N2E6NzdiYzozYjU4). This is a beta feature to avoid spam applicants. Companies can search these words to find applicants that read this and see they're human.",https://remoteOK.com/remote-jobs/remote-the-three-bills-giant-leap-consulting-1136315,2026-08-11 16:13:47,,Not Disclosed,Not Specified
"Need find out the us border wait times real time both directions 
https www.lalineaapp.com..",Twittaer,"安居,",,,['exec'],2026-08-07 19:54:29+00:00,Need to find out the us border wait times in real time in both directions???<br><br>https://www.lalineaapp.com...<br/><br/>Please mention the word **STRIVING** and tag RMjQwOTo0MDg4OjgwMTU6YzhjZDoyNDQyOmU3N2E6NzdiYzozYjU4 when applying to show you read the job post completely (#RMjQwOTo0MDg4OjgwMTU6YzhjZDoyNDQyOmU3N2E6NzdiYzozYjU4). This is a beta feature to avoid spam applicants. Companies can search these words to find applicants that read this and see they're human.,https://remoteOK.com/remote-jobs/remote-need-find-out-the-us-border-wait-times-real-time-both-directions-https-www-lalineaapp-com-twittaer-1136351,2026-08-11 16:13:47,,Not Disclosed,Not Specified
Assembler,Manunor Inc.,"Street,",,,[],2026-08-07 19:15:25+00:00,"Assemblers<br><br>Manunor is currently looking for assemblers. Several benefits: flexible schedule, group insurance, RRSP, social committee, possibility of overtime, superb working atmosphere and more. Join us!<br/><br/>Please mention the word **ADORABLE** and tag RMjQwOTo0MDg4OjgwMTU6YzhjZDoyNDQyOmU3N2E6NzdiYzozYjU4 when applying to show you read the job post completely (#RMjQwOTo0MDg4OjgwMTU6YzhjZDoyNDQyOmU3N2E6NzdiYzozYjU4). This is a beta feature to avoid spam applicants. Companies can search these words to find applicants that read this and see they're human.",https://remoteOK.com/remote-jobs/remote-assembler-manunor-inc-1136312,2026-08-11 16:13:47,,Not Disclosed,Not Specified
Page Not Found,PAXIO,"Coral Bay,",,,"['game dev', 'customer support', 'dev', 'video', 'exec', 'senior', 'digital nomad']",2026-08-07 19:01:50+00:00,"PAXIO is a Bay Area fiber optic network operator. Our fiber network and Internet access provide exceptional value for businesses. PAXIO’s last mile fiber optic network is trusted by large enterprise, local business and carriers. Operating in the San Francisco Bay Area since 2003, PAXIO provides high speed fiber Internet, Wave, EPL and dark fiber services for business, enterprise and carriers.<br><br><strong>Our Mission<br><br></strong>PAXIO provides best-in-class, dedicated fiber optic services to enable ever increasing demands for faster and more secure internet and connectivity. Combined with friendly, local customer support to service all our client’s needs.<br><br><strong>Our Vision<br><br></strong>To connect every San Francisco Bay Area business with state-of-the-art, dedicated fiber internet service.<br><br>Connect to PAXIO powered by WiLine<br><br>Full name<br><br>First Last<br><br>Address<br><br>Street Address City State AlabamaAlaskaAmerican SamoaArizonaArkansasCaliforniaColoradoConnecticutDelawareDistrict of ColumbiaFloridaGeorgiaGuamHawaiiIdahoIllinoisIndianaIowaKansasKentuckyLouisianaMaineMarylandMassachusettsMichiganMinnesotaMississippiMissouriMontanaNebraskaNevadaNew HampshireNew JerseyNew MexicoNew YorkNorth CarolinaNorth DakotaNorthern Mariana IslandsOhioOklahomaOregonPennsylvaniaPuerto RicoRhode IslandSouth CarolinaSouth DakotaTennesseeTexasUtahU.S. Virgin IslandsVermontVirginiaWashingtonWest VirginiaWisconsinWyomingArmed Forces AmericasArmed Forces EuropeArmed Forces Pacific ZIP Code<br><br>Email(Required)<br><br>Phone number<br><br>Service Option<br><br>Business FiberSmall FiberEnterpriseBusiness ConnectWholesale<br><br>Comments/Questions<br><br><strong>Alternative<br><br></strong>WPA<br><br>Video transcript<br><br>This is the ultra fast core of the Internet, the backbone. It’s built on fiber optics because there isn’t anything faster, more efficient, or more reliable. So if you want the fastest Internet connection, you need fiber. But most ISP’s compromise fiber’s ultimate speed. Some ISP’s use hybrid fiber, combining fiber with the obsolete copper infrastructure at your home or business, like old phone lines or coaxial cable originally used for TV. Others use air fiber, a mix of fiber, wireless antenna and copper connections. Some are able to bring fiber all the way to your property, but there is a catch. Sharing. Most wireless copper and the majority of fiber connections are shared. So when you and your neighbors are all streaming at the same time, you know the drill. But PAXIO offers something different, dedicated fiber and services. This ensures uncompromised speed and performance. PAXIO delivers 100% dedicated fiber connection from the backbone to your property. There’s no sharing, no slowing. No data caps. And we only offer symmetrical connections, so upload and download are equally lightning fast. So whether you stream, game, telecommute, run a business, or all of the above, it’s time to experience dedicated fiber. No hybrid, no copper, no air, no sharing, no compromises. Learn more @ PAXIO dot com today.<br><br>How PAXIO Dedicated<br><br>Fiber Works<br><br>Not all fiber is equal. PAXIO fiber Internet is <strong>dedicated</strong> and <strong>not shared</strong>. We bring fiber to businesses and buildings, via managed fiber infrastructure. No throttling. No buffering. Faster uploads and downloads. Get speeds paid for, not ‘up to’ speeds. Lower latency for home, business and enterprise customers.<br><br><strong>Watch The Video To See How.<br><br></strong>PAXIO Services<br><br>Business Fiber<br><br>PAXIO business fiber Internet offers reliable connectivity to power business needs. Business fiber plans with symmetric speeds, free install, local support and dedicated bandwidth.<br><br>Enterprise<br><br>Our fiber supports advanced IP and bandwidth demands. Connect to 100 Gbps or 10G internet, Ethernet Private Lines, dark fiber or waves. SLA backed + 24-7 NOC support.<br><br>Business Connect<br><br>PAXIO connects commercial properties with Fiber To The Building – FREE. Deliver value to tenants with fiber all the way to the suite.<br><br>What PAXIO Customers Are Saying<br><br>Great company for business internet. Super communicative, fair pricing. Very happy we found them.<br><br><strong>Stephen Verner<br><br></strong>On behalf of the team at Meter we want to thank you for the partnership. It has been great connecting with you and we appreciate your support in what we are building.<br><br><strong><em>Max Duran<br><br></em></strong>Congratulations PAXIO! I’m an early adopter and a huge fan. Thanks for providing a great product at a fair price. I have recommended you to many people.<br><br><strong>Ben Delaney<br><br></strong>ImmersivEdge Advisors<br><br>I just got setup with PAXIO and have been extremely impressed with their customer service. (Such a refeshment from being with XFINITY for so long… so unusual to get a person on the phone quickly that is local and knows the area.) Also, a big “shout-out” to Yurny! He is the person who set up the PAXIO Wifi in my office. He is such an understanding and helpful technician, that offers great advice when trying to figure out the placement of the router/modem. (And he never judged me for asking “dumb” questions.) Looking forward to the new service!<br><br><strong>Dave Cloutier<br><br></strong>PAXIO is a great provider! We love working with them.<br><br><strong>GATE 510 Management<br><br></strong>Working with your team has been so helpful and I can’t say enough about how responsive all of you are. I appreciate everyone’s efforts!<br><br><strong>Sheryl Crump<br><br></strong>Senior Wholesale Account Executive<br><br>Granite<br><br>At Port Workspaces, a small independent coworking space in Oakland California, we have utilized PAXIO as our primary ISP for seven years at two different locations. The connection is fast and reliable, and the customer service is excellent. I am always able to contact someone when I have questions or need help. Very happy with our service and we are hoping to expand it to a third location in 2025.<br><br><strong>Joseph Kent<br><br></strong>I just switched to PAXIO and Angel B was super helpful and professional. He actually arrived 15 minutes early. The installation was pretty smooth. Everything is up and running now. My support rep Renae has also been great. Highly recommended.<br><br><strong>Adrian AY<br><br></strong>Yurny and Angel serviced our store today. Excellent service. Very professional<br><br><strong>Shayla Cordier<br><br></strong>I am new to Paxio. They were so responsive to questions when I was making my decision. And Yurny who installed the equipment — AND taught me how to use it— was so patient and an all-around terrific fellow. Thanks, Paxio!!<br><br><strong>Pam Mendelsohn<br><br></strong>PAXIO provided an amazing service and installed our 10 GB network. Yurny Lamas was very easy to work with and had great communication. Great experience all around.<br><br><strong>Matthew Cheng<br><br></strong>Great company for business internet. Super communicative, fair pricing. Very happy we found them.<br><br><strong>Stephen Verner<br><br></strong>On behalf of the team at Meter we want to thank you for the partnership. It has been great connecting with you and we appreciate your support in what we are building.<br><br><strong><em>Max Duran<br><br></em></strong>Congratulations PAXIO! I’m an early adopter and a huge fan. Thanks for providing a great product at a fair price. I have recommended you to many people.<br><br><strong>Ben Delaney<br><br></strong>ImmersivEdge Advisors<br><br>I just got setup with PAXIO and have been extremely impressed with their customer service. (Such a refeshment from being with XFINITY for so long… so unusual to get a person on the phone quickly that is local and knows the area.) Also, a big “shout-out” to Yurny! He is the person who set up the PAXIO Wifi in my office. He is such an understanding and helpful technician, that offers great advice when trying to figure out the placement of the router/modem. (And he never judged me for asking “dumb” questions.) Looking forward to the new service!<br><br><strong>Dave Cloutier<br><br></strong>PAXIO FAQs<br><br>Where are PAXIO services available?<br><br>PAXIO business and enterprise services are available across the San Francisco Bay Area. We are continually expanding our fiber network with new route miles and on-net buildings.<br><br>Our business and enterprise services are available throughout the Bay Area – San Francisco, East Bay, South Bay and the Peninsula.<br><br>In September 2023, we acquired Fastmetrics to expand our commercial services across the Northern California area.<br><br><strong>Contact us to qualify an address for service. <br><br></strong>How much does PAXIO fiber internet cost?<br><br>PAXIO has different prices for business and enterprise fiber services. Please contact us for plans and pricing.<br><br>How can I get PAXIO service in my building?<br><br>PAXIO Fiber To The Building service is available to qualified Bay Area commercial buildings. Dedicated fiber at speeds of 100 Gbps (business / enterprise) can be delivered to every unit or office suite.<br><br>We build out fiber infrastructure to buildings for FREE;<br><br><ul><li>Sign access agreement</li><li>PAXIO pulls fiber into the building</li><li>PAXIO connects suites with dedicated fiber<br><br></li></ul>PAXIO dedicated fiber to the building allows landlords, building and property managers to deliver value to tenants.<br><br>How is PAXIO internet service different to other ISPs?<br><br>Unparalleled local market expertise.<br/><br/>Please mention the word **OVERTURE** and tag RMjQwOTo0MDg4OjgwMTU6YzhjZDoyNDQyOmU3N2E6NzdiYzozYjU4 when applying to show you read the job post completely (#RMjQwOTo0MDg4OjgwMTU6YzhjZDoyNDQyOmU3N2E6NzdiYzozYjU4). This is a beta feature to avoid spam applicants. Companies can search these words to find applicants that read this and see they're human.",https://remoteOK.com/remote-jobs/remote-page-not-found-paxio-1136324,2026-08-11 16:13:47,,Not Disclosed,Hybrid
$15.15 $17 HR depending on location,Wildflower,"Front of Yonge,",,,['hr'],2026-08-07 18:28:57+00:00,Break bread with us<br><br>Our breadheads (employees) are born &amp; bread for greatness! Curious about what makes the Wildflower special? Who better to learn from than our breadheads themselves.<br><br>APPLY NOW<br/><br/>Please mention the word **WHOOA** and tag RMjQwOTo0MDg4OjgwMTU6YzhjZDoyNDQyOmU3N2E6NzdiYzozYjU4 when applying to show you read the job post completely (#RMjQwOTo0MDg4OjgwMTU6YzhjZDoyNDQyOmU3N2E6NzdiYzozYjU4). This is a beta feature to avoid spam applicants. Companies can search these words to find applicants that read this and see they're human.,https://remoteOK.com/remote-jobs/remote-15-15-17-hr-depending-on-location-wildflower-1136308,2026-08-11 16:13:47,,Not Disclosed,Not Specified
CURRENT JOBS OPENING,Captain PQ chemical industries Pvt. Limited,"Swift Current,",,,['hr'],2026-08-07 18:26:50+00:00,CAREER AT CAPTAIN-PQ<br><br><ul><li> How to apply </li><li> Current Jobs Opening <br><br></li></ul>Current Jobs Post<br><br><ul><li> No Current Job Opening</li></ul><br/><br/>Please mention the word **INVINCIBILITY** and tag RMjQwOTo0MDg4OjgwMTU6YzhjZDoyNDQyOmU3N2E6NzdiYzozYjU4 when applying to show you read the job post completely (#RMjQwOTo0MDg4OjgwMTU6YzhjZDoyNDQyOmU3N2E6NzdiYzozYjU4). This is a beta feature to avoid spam applicants. Companies can search these words to find applicants that read this and see they're human.,https://remoteOK.com/remote-jobs/remote-current-jobs-opening-captain-pq-chemical-industries-pvt-limited-1136309,2026-08-11 16:13:47,,Not Disclosed,Not Specified
LABOURER,BRIMBLE,"Greater Newcastle Area,",,,[],2026-08-07 17:31:28+00:00,"Brimble is a rail maintenance contractor making Australian railways safer, smarter and more efficient for all.<strong>Our commitment to safety.</strong>CONTACT USEXPLORE<br/><br/>Please mention the word **THRIFT** and tag RMjQwOTo0MDg4OjgwMTU6YzhjZDoyNDQyOmU3N2E6NzdiYzozYjU4 when applying to show you read the job post completely (#RMjQwOTo0MDg4OjgwMTU6YzhjZDoyNDQyOmU3N2E6NzdiYzozYjU4). This is a beta feature to avoid spam applicants. Companies can search these words to find applicants that read this and see they're human.",https://remoteOK.com/remote-jobs/remote-labourer-brimble-1136313,2026-08-11 16:13:47,,Not Disclosed,Not Specified
Holly Can Fix It,Four Seasons,"Nassau,",,,"['sys admin', 'supervisor', 'exec', 'legal', 'engineer']",2026-08-07 16:53:42+00:00,"<strong>About Four Seasons<br><br></strong>Four Seasons is powered by our people. We are a collective of individuals who crave to become better, to push ourselves to new heights and to treat each other as we wish to be treated in return. Our team members around the world create amazing experiences for our guests, residents, and partners through a commitment to luxury with genuine heart. We know that the best way to enable our people to deliver these exceptional guest experiences is through a world-class employee experience and company culture.<br><br>At Four Seasons, we believe in recognizing a familiar face, welcoming a new one and treating everyone we meet the way we would want to be treated ourselves. Whether you work with us, stay with us, live with us or discover with us, we believe our purpose is to create impressions that will stay with you for a lifetime. It comes from our belief that life is richer when we truly connect to the people and the world around us.<br><br><strong>About the location:<br><br></strong>Since opening in 1962, The Ocean Club, A Four Seasons Resort, Bahamas has been a playground for celebrities and discerning travellers set along an 8-kilometre (5-mile) stretch of natural, white-sand beach on Paradise Island. Connect with Bahamian beauty in an enclave of remarkable seclusion, where intimate low-rise buildings are immersed in 14 hectares (35 acres) of Versailles-inspired lawns and gardens. Wake up to breakfast on your private balcony, then indulge in a restorative treatment in one of our Balinese-style spa villas or head out for a round of golf at Ocean Club Golf Course. However you spend your day, be sure to join us back at Martini Bar and Lounge for a nightcap.<br><br><strong>When Legends Come To Life<br><br></strong>Since opening in 1962, The Ocean Club has welcomed the world’s most discerning guests to our five-mile stretch of natural white sand beach – framed by 35 acres of Versailles inspired lawns and gardens.<br><br>Discover the legendary chic of The Ocean Club, combining elevated Four Seasons service with laid-back Bahamian style – creating one of the most sought-after resort experiences in the Caribbean.<br><br>On a stretch of natural white sand beach, our resort offers 107 ultra-luxury accommodations, a Balinese-inspired spa, and dining by Michelin-starred chef Jean-Georges Vongerichten.<br><br>The Ocean Club has a treasured history serving generations of luxury travelers. Expansive lawns and towering coconut palms provide an enchanting backdrop to the pristine beaches of Paradise Island.<br><br>The Ocean Club offers a rich roster of activities including water sports such as snorkeling, sailing and wind-surfing along with land-based activities including world-class golf and tennis plus a relaxing spa.<br><br><strong>Key Duties And Responsibilities<br><br></strong><ul><li>Keeps all equipment in good repair with a minimum of downtime by providing day to day maintenance of the hotel under the direction of Engineering Management. Ensures a complete understanding of and adheres to the company’s fire and safety procedures.</li><li>Continually supports and improves engineering services that effectively address problems affecting both guests and associates.</li><li>Trains and instructs other members of the staff by passing along knowledge and skills to assist them in their development and the advancement of your own.</li><li>Strives to become an independent mechanic, analyzes problems and formulates plans to get work done quickly with a high degree of quality. Ensures that Engineering and the work area are kept clean at all times.</li><li>Completes work orders and responds to guest calls unsupervised. Maintains a basic knowledge of the hotel TV system and trouble shooting. Ensures a complete understanding of basic trouble shooting of electrical problems.</li><li>Maintains communications with Supervisors to ensure that all materials, tools, and supplies are available or on order. Follows up on any items that may be back ordered. Responsible for letting supervisor know of stock and tool needs.</li><li>Performs minor plumbing repairs and maintenance. Performs basic repairs and maintenance of chilled water fan coil units in guest rooms. Performs basic wallpaper repairs as required. Ensures a complete understanding of guest room safe lock system, and performs emergency access to guest room locks as required.</li><li>Performs basic painting and touch-ups as required. Performs basic repairs to all guest room furniture’s, sliding door locks, drapes etc., in guest rooms. Performs basic repairs to guest bathroom tiles, grouting and all hardware. </li><li>Performs all reasonable duties requested by management.<br><br></li></ul>This is an exciting time to join The Ocean Club, a Four Seasons Resort.<br><br><strong>Applicants that are interested in applying, please note that the position is based on The Ocean Club, A Four Seasons Resort Property located in The Bahamas and is available to those individuals who possess a legal ability to work in The Bahamas without sponsorship.</strong><br/><br/>Please mention the word **PERSONALIZED** and tag RMjQwOTo0MDg4OjgwMTU6YzhjZDoyNDQyOmU3N2E6NzdiYzozYjU4 when applying to show you read the job post completely (#RMjQwOTo0MDg4OjgwMTU6YzhjZDoyNDQyOmU3N2E6NzdiYzozYjU4). This is a beta feature to avoid spam applicants. Companies can search these words to find applicants that read this and see they're human.",https://remoteOK.com/remote-jobs/remote-holly-can-fix-it-four-seasons-1136305,2026-08-11 16:13:47,,Not Disclosed,Not Specified
Cleaner,JobsMedia.io,"Regina,",,,"['education', 'exec', 'medical']",2026-08-07 15:44:58+00:00,"<ul><li>Education: No degree, certificate or diploma</li><li>Experience: 1 to less than 7 months<br><br></li></ul>Area of specialization<br><br><ul><li>Facility management<br><br></li></ul>Employment terms options<br><br><ul><li>Evening</li><li>Morning</li><li>Day<br><br></li></ul>Health benefits<br><br><ul><li>Dental plan</li><li>Vision care benefits<br><br></li></ul><strong>Other Benefits<br><br></strong><ul><li>Paid time off (volunteering or personal days)</li><li>Variable or compressed work week</li><li>Work Term: Permanent</li><li>Work Language: English</li><li>Hours: 80 hours bi-weekly</li></ul><br/><br/>Please mention the word **CAPTIVATING** and tag RMjQwOTo0MDg4OjgwMTU6YzhjZDoyNDQyOmU3N2E6NzdiYzozYjU4 when applying to show you read the job post completely (#RMjQwOTo0MDg4OjgwMTU6YzhjZDoyNDQyOmU3N2E6NzdiYzozYjU4). This is a beta feature to avoid spam applicants. Companies can search these words to find applicants that read this and see they're human.",https://remoteOK.com/remote-jobs/remote-cleaner-jobsmedia-io-1136306,2026-08-11 16:13:47,,Not Disclosed,Not Specified
How Apply,The Philadelphia School,"Jabalpur,",,,[],2026-08-07 15:12:19+00:00,"<ul><li>Medical, dental, vision insurance</li><li>Retirement plan with employer match</li><li>Paid vacation, school holidays, personal days</li><li>Family, medical, parental leave</li><li>Professional development opportunities</li><li>Tuition remission for faculty/staff, discount on summer programs and after school clubs</li><li>Extended day coverage for faculty/staff children</li><li>Commuter benefits</li></ul><br/><br/>Please mention the word **TRUSTED** and tag RMjQwOTo0MDg4OjgwMTU6YzhjZDoyNDQyOmU3N2E6NzdiYzozYjU4 when applying to show you read the job post completely (#RMjQwOTo0MDg4OjgwMTU6YzhjZDoyNDQyOmU3N2E6NzdiYzozYjU4). This is a beta feature to avoid spam applicants. Companies can search these words to find applicants that read this and see they're human.",https://remoteOK.com/remote-jobs/remote-how-apply-the-philadelphia-school-1136304,2026-08-11 16:13:47,,Not Disclosed,Not Specified
Senior React Full stack Developer,Lemon.io,,50000,210000,"['dev', 'engineer', 'senior', 'full time', 'python', 'aws', 'gcp', 'javascript', 'react', 'node', 'ruby', 'typescript']",2026-08-07 13:08:19+00:00,"<p>Are you a talented Senior Developer looking for a remote job that lets you show your skills and get decent compensation? Look no further than <a href=""https://lemon.io/for-developers/?utm_source=remoteok&amp;utm_medium=job_ad&amp;utm_campaign=supply_en_fullstack_react/node/python/ruby_aug_2026_job_ad"">Lemon.io</a> — the marketplace that connects you with hand-picked startups in the US and Europe.</p><p><strong>What we offer:</strong></p><ul><li>The rate depends on your seniority level, skills and experience. We've already paid out over $11M to our engineers.</li><li>No more hunting for clients or negotiating rates — let us handle the business side of things so you can focus on what you do best.</li><li>We'll manually find the best project for you according to your skills and preferences.</li><li>Choose a schedule that works best for you. It’s possible to communicate async or minimally overlap within team working hours.</li><li>We respect your seniority so you can expect no micromanagement or screen trackers.</li><li>Communicate directly with the clients. Most of them have technical backgrounds. Sounds good, yeah?</li><li>We will support you from the time you submit the application throughout all cooperation stages.</li><li>Most of our projects involve working in a fast-paced startup environment. We hope you like it as much as we do.</li><li>Through our community, we will connect you with the best developers from more than 75 countries.</li></ul><p>We have several open positions for Full-Stack React.js Developers - please see the details below. We also have some backend positions; the full list is included below as well.</p><h3><strong>Requirements for the Senior React &amp; Python Position:</strong></h3><ul><li>4+ years of software development experience.</li></ul><p>Commercial experience:</p><ul><li>React.js 3+ years &amp; Python 3+ years<br />OR<br />React.js 2+ years &amp; Python 5+ years<br />OR<br />React.js 5+ years &amp; Python 2+ years</li><li><p>Experience with AWS, GCP, or Azure is required.</p></li></ul><h3><strong>Requirements for the Senior Ruby &amp; React Position:</strong></h3><ul><li>5+ years of software development experience</li><li>React.js 2+ years and Ruby/Ruby on Rails 5+ years<br /><strong>OR</strong><br />React.js 5+ years and Ruby/Ruby on Rails 2+ years</li><li>Experience with AWS, GCP, or Azure is required.</li></ul><h3><strong>Requirements for the Senior Node &amp; React Position:</strong></h3><ul><li>5+ years of software development experience</li></ul><p><strong>Commercial experience:</strong></p><ul><li>React.js: 3+ years, Node.js: 5+ years, and Next.js: 2+ years<br /><strong>OR</strong><br />React.js: 5+ years, Node.js: 3+ years, and Next.js: 2+ years</li><li>Expertise in AWS, TypeScript and AI-assisted coding is a must.</li></ul><p><strong>Other requirements:</strong></p><ul><li>Strong technical skills: as a Senior Developer, you are expected to be able to create projects from scratch and have a deep understanding of application architecture.</li><li>Clear and effective communication in English — advanced ability to discuss business tasks, justify decisions, and communicate issues. Good self-presentation is also essential for upcoming client calls.</li><li>Strong self-organizational skills — ability to work full-time remotely with no supervision.</li><li>Reliability — we want to trust you and expect that you won’t let us and the client down.</li><li>Adaptability and Flexibility — the ability to onboard the project promptly after accepting it and start delivering results quickly.</li></ul><p>Sounds good for you? Apply now and join the <a href=""https://lemon.io/for-developers/?utm_source=remoteok&amp;utm_medium=job_ad&amp;utm_campaign=supply_en_fullstack_react/node/python/ruby_aug_2026_job_ad"">Lemon.io</a> community!</p><p><strong>NOT YOUR TECH STACK?</strong></p><p>We have a variety of projects, so if you have 4+ years of commercial software development experience and are proficient in AI Agent Architecture, AI Automation Architecture, AI Engineering, Site Reliability Engineering, Platform Engineering, React &amp; Golang, Golang, React &amp; Java, Ruby, PHP &amp; Vue, Vue &amp; Node.js, React &amp; .NET, Android &amp; iOS, iOS &amp; Swift, Flutter &amp; Dart, Blockchain (Ethereum/Ethers.js/Wagmi/Viem/Solana), Angular &amp; Node.js, Vue &amp; .NET, Python &amp; Vue, DevOps, MLOps, Data Science, Angular &amp; PHP, Angular &amp; .NET, Symfony &amp; React, Symfony &amp; Vue, Symfony &amp; Angular, Python, Symfony &amp; JavaScript &amp; Next.js &amp; TypeScript, Data Analysis, React &amp; PHP, Data Engineering, Project Management, Product Management, QA Automation, QA Manual, Embedded Software Engineering, React Native &amp; Node, React Native &amp; React, React Native &amp; Ruby, React Native &amp; Python, WordPress, Android, Data Annotation, Angular, Python &amp; Node, Java &amp; Spring, Svelte &amp; Python, Svelte &amp; Node.js, Svelte &amp; TypeScript, Rust, Shopify &amp; JavaScript, Vue &amp; Nuxt, PHP &amp; Laravel, UI/UX Design, Animation, Graphic Design, React &amp; Node &amp; React Native, .NET &amp; C#, Electron, Scala, C++, Unreal Engine &amp; C++, Python &amp; LLM, Unity, or Machine Learning Engineering, we would be happy to connect with you and match you with a project that fits your experience.</p><p>We do not provide visa assistance, and our cooperation model does not include the benefits typically offered with direct hire.</p><p>We work with developers from 75+ countries across Europe, Latin America, North America (the U.S. and Canada), selected countries in Asia (Japan, Singapore, South Korea, the Philippines, Indonesia, Malaysia, Vietnam, Thailand, and Israel), Oceania (Australia, New Zealand, and Papua New Guinea), and Africa (including Morocco and South Africa).</p><p></p><br/><br/>Please mention the word **PLEASURE** and tag RMjQwOTo0MDg4OjgwMTU6YzhjZDoyNDQyOmU3N2E6NzdiYzozYjU4 when applying to show you read the job post completely (#RMjQwOTo0MDg4OjgwMTU6YzhjZDoyNDQyOmU3N2E6NzdiYzozYjU4). This is a beta feature to avoid spam applicants. Companies can search these words to find applicants that read this and see they're human.",https://remoteOK.com/remote-jobs/remote-senior-react-full-stack-developer-lemon-io-1136299,2026-08-11 16:13:47,130000.0,100K - 150K,Remote
Oops something happened,Haus.com,"Back,",,,[],2026-08-07 12:25:20+00:00,Your home is one large asset<br><br>The most common way to buy a home is to borrow a lot of money with a mortgage. The interest is how a lender makes money on your loan.<br/><br/>Please mention the word **INEXPENSIVE** and tag RMjQwOTo0MDg4OjgwMTU6YzhjZDoyNDQyOmU3N2E6NzdiYzozYjU4 when applying to show you read the job post completely (#RMjQwOTo0MDg4OjgwMTU6YzhjZDoyNDQyOmU3N2E6NzdiYzozYjU4). This is a beta feature to avoid spam applicants. Companies can search these words to find applicants that read this and see they're human.,https://remoteOK.com/remote-jobs/remote-oops-something-happened-haus-com-1136301,2026-08-11 16:13:47,,Not Disclosed,Not Specified
"Various 
@ Luigi’s Box",Neulogy Ventures,"Box,",,,['golang'],2026-08-07 11:07:23+00:00,"404<br><br>Oops, it looks like there's nothing here.<br><br>We did everything we could, but even we couldn't find anything! Go home<br/><br/>Please mention the word **VIGILANCE** and tag RMjQwOTo0MDg4OjgwMTU6YzhjZDoyNDQyOmU3N2E6NzdiYzozYjU4 when applying to show you read the job post completely (#RMjQwOTo0MDg4OjgwMTU6YzhjZDoyNDQyOmU3N2E6NzdiYzozYjU4). This is a beta feature to avoid spam applicants. Companies can search these words to find applicants that read this and see they're human.",https://remoteOK.com/remote-jobs/remote-various-luigis-box-neulogy-ventures-1136307,2026-08-11 16:13:47,,Not Disclosed,Not Specified
Open Vacancies,CCDC - The Cambridge Crystallographic Data Centre,"Open Hall,",,,"['testing', 'assembly', 'non tech', 'design', 'customer support', 'dev', 'finance', 'digital nomad']",2026-08-07 09:16:16+00:00,"We curate and distribute the Cambridge Structural Database (CSD) and associated software used by thousands of organizations across the globe for molecular discovery and design. Our mission is to advance structural science for the public benefit.<br><br>We operate as a not-for-profit company and registered charity. Although independent, we are a University of Cambridge Partner Institute. We offer an excellent benefits package and a competitive salary in a lively and friendly organization of around 100 staff worldwide.<br><br>Our activities span scientific research, software development, financial, IT systems, commercial, and support.<br><br>We strive to provide a unified, connected data experience through a FAIR (Findable, Accessible, Interoperable, and Reusable) inspired platform where users can easily interrogate all structural and property information in the expanding data universe. Data reimagined. We need great people in every team to continue this mission. Please take a look at our open opportunities – we look forward to hearing from you.<br/><br/>Please mention the word **SUCCEEDING** and tag RMjQwOTo0MDg4OjgwMTU6YzhjZDoyNDQyOmU3N2E6NzdiYzozYjU4 when applying to show you read the job post completely (#RMjQwOTo0MDg4OjgwMTU6YzhjZDoyNDQyOmU3N2E6NzdiYzozYjU4). This is a beta feature to avoid spam applicants. Companies can search these words to find applicants that read this and see they're human.",https://remoteOK.com/remote-jobs/remote-open-vacancies-ccdc-the-cambridge-crystallographic-data-centre-1136303,2026-08-11 16:13:47,,Not Disclosed,Not Specified
THINK WE COULD BE A GOOD FIT,Tees Components,"Fort Good Hope,",,,"['testing', 'assembly', 'non tech']",2026-08-07 09:16:08+00:00,Tees Components<br><br><strong>About Us<br><br></strong>Capabilities<br><br><ul><li>CNC Machining</li><li>Fabrication</li><li>Refurbishment</li><li>Painting</li><li>Assembly</li><li>Complete Supply</li><li>Inspection &amp; Test<br><br></li></ul>Standards Careers News Contact<br/><br/>Please mention the word **STRIKING** and tag RMjQwOTo0MDg4OjgwMTU6YzhjZDoyNDQyOmU3N2E6NzdiYzozYjU4 when applying to show you read the job post completely (#RMjQwOTo0MDg4OjgwMTU6YzhjZDoyNDQyOmU3N2E6NzdiYzozYjU4). This is a beta feature to avoid spam applicants. Companies can search these words to find applicants that read this and see they're human.,https://remoteOK.com/remote-jobs/remote-think-we-could-be-a-good-fit-tees-components-1136302,2026-08-11 16:13:47,,Not Disclosed,Not Specified
Traba,ODF,"New York,",,,[],2026-08-07 06:43:19+00:00,"ODF8<br><br>Visit Website<br><br><strong>Company Description<br><br></strong>Building a world where the global supply chain operates at peak efficiency.<br><br>Industry<br><br>Future of Work<br><br>Locations<br><br>New York, NY<br><br>Career Page<br><br>View Careers<br/><br/>Please mention the word **SUPPORTIVE** and tag RMjQwOTo0MDg4OjgwMTU6YzhjZDoyNDQyOmU3N2E6NzdiYzozYjU4 when applying to show you read the job post completely (#RMjQwOTo0MDg4OjgwMTU6YzhjZDoyNDQyOmU3N2E6NzdiYzozYjU4). This is a beta feature to avoid spam applicants. Companies can search these words to find applicants that read this and see they're human.",https://remoteOK.com/remote-jobs/remote-traba-odf-1136297,2026-08-11 16:13:47,,Not Disclosed,Not Specified
Our vacancies,Geeks Ltd,"科尔沁右翼前旗,",,,"['dev', 'marketing', 'exec', 'digital nomad']",2026-08-07 06:02:59+00:00,"Innovation only goes so far: Adoption makes the difference. At Geeks, we don’t just create new software, we break the barriers that stop people using it.<br><br>It’s powered by our curiosity, courage and commitment. Curiosity to grow. Courage to generate real value. Commitment to the team around us.<br><br>That powers the biggest change: your growth into a tech leader.<br/><br/>Please mention the word **PEACEFULLY** and tag RMjQwOTo0MDg4OjgwMTU6YzhjZDoyNDQyOmU3N2E6NzdiYzozYjU4 when applying to show you read the job post completely (#RMjQwOTo0MDg4OjgwMTU6YzhjZDoyNDQyOmU3N2E6NzdiYzozYjU4). This is a beta feature to avoid spam applicants. Companies can search these words to find applicants that read this and see they're human.",https://remoteOK.com/remote-jobs/remote-our-vacancies-geeks-ltd-1136289,2026-08-11 16:13:47,,Not Disclosed,Not Specified
CANDIDATURE SPONTANÉE,ALSEI,"The Pas,",,,['exec'],2026-08-07 05:28:22+00:00,"Candidature spontanée<br><br>Nom *<br><br>Prénom *<br><br>E-mail *<br><br>Téléphone<br><br>CV *<br><br>Modal title<br><br>Parcourir...<br><br><ul><li>image<br><br></li></ul><strong>nomFileFull</strong> <br><br><ul><li>nomFileFull : messError <br><br></li></ul>Extensions autorisées : pdf, doc, docx<br><br>Lettre de motivation<br><br>Modal title<br><br>Parcourir...<br><br><ul><li>image<br><br></li></ul><strong>nomFileFull</strong> <br><br><ul><li>nomFileFull : messError <br><br></li></ul>Extensions autorisées : pdf, doc, docx<br><br>Je consens à communiquer mes informations personnelles à ALSEI ENTREPRISE et ses partenaires<br><br>ALSEI ENTREPRISE s’engage à protéger et à respecter votre vie privée. Les données à caractère personnel qui vous sont demandées dans les formulaires de cette page sont indispensables pour traiter votre demande; consultez notre politique de confidentialité pour en savoir plus sur la collecte et le traitement de vos données personnelles opérés conformément au Règlement Général sur la Protection des Données (RGPD).<br><br>Par Ailleurs, Nous Aimerions Ponctuellement Vous Tenir Informé D’autres Contenus Qui Pourraient Vous Intéresser. Si Vous Souhaitez Vous y Opposer, Veuillez Décocher La Case Correspondante Ci-avant<br><br>Vous pourrez vous désabonner de ces communications à tout moment.<br><br><ul><li>Accueil</li><li>Nos disponibilités</li><li>Nos références</li><li>Actualités</li><li>Contactez-nous</li><li>Rejoignez-nous</li><li>Mentions légales</li><li>Plan du site</li><li>Qui sommes-nous ?</li><li>Présentation</li><li>Aménager le territoire</li><li>Chiffres clés</li><li>Gouvernance</li><li>Une présence nationale</li><li>Nos engagements responsables</li><li>Le Groupe ALSEI</li><li>Nos métiers</li><li>Maîtrise d'ouvrage</li><li>Asset management<br><br></li></ul>Suivez-nous sur les réseaux sociaux<br><br>Contactez-nous 01 40 40 29 40<br><br>Mentions légales<br><br>@ ALSEI ENTREPRISE - Tous droits réservés<br><br>Création Agence digitale Alphalives<br/><br/>Please mention the word **REVERE** and tag RMjQwOTo0MDg4OjgwMTU6YzhjZDoyNDQyOmU3N2E6NzdiYzozYjU4 when applying to show you read the job post completely (#RMjQwOTo0MDg4OjgwMTU6YzhjZDoyNDQyOmU3N2E6NzdiYzozYjU4). This is a beta feature to avoid spam applicants. Companies can search these words to find applicants that read this and see they're human.",https://remoteOK.com/remote-jobs/remote-candidature-spontanee-alsei-1136286,2026-08-11 16:13:47,,Not Disclosed,Not Specified
CHECK BACK SOON,Yacht Club Games,"More,",,,"['seo', 'c']",2026-08-07 05:06:37+00:00,"Yacht Club Games is looking to lovingly maintain and update our debut title, Shovel Knight, as well as prepare for all new games in the future! We’re a small team but maybe you can become the newest member of the Y.C. crew! If you would like to still give it a shot, feel like you have something to offer we don’t know we need, or are interested in us keeping you in mind when positions become available, send us your resume below!<br><br>You can also contact us through our careers email<br/><br/>Please mention the word **RESPECT** and tag RMjQwOTo0MDg4OjgwMTU6YzhjZDoyNDQyOmU3N2E6NzdiYzozYjU4 when applying to show you read the job post completely (#RMjQwOTo0MDg4OjgwMTU6YzhjZDoyNDQyOmU3N2E6NzdiYzozYjU4). This is a beta feature to avoid spam applicants. Companies can search these words to find applicants that read this and see they're human.",https://remoteOK.com/remote-jobs/remote-check-back-soon-yacht-club-games-1136293,2026-08-11 16:13:47,,Not Disclosed,Not Specified
Joel Q,The Well,"Edmonton,",,,"['exec', 'writer', 'marketing', 'engineer']",2026-08-07 04:31:17+00:00,"Resume Writer He/Him<br><br>I love building succinct, easy-to-follow resumes with simple designs that catch both an ATS and an actual reader's attention.<br><br>Work Samples<br><br>slide 2 of 3<br><br>The Best Fit<br><br>Passive job seekers, active job seekers, and organizations submitting bids which require up-to-date resumes.<br><br>slide 1 of 1<br><br>Hey Joel, just wanted to let you know that I got an interview for that position and a big part of that was your help. Thank you so much!<br><br><strong>T.H.</strong> Marketing<br><br>Working with Joel<br><br>I’m located in <strong>Edmonton, Alberta.<br><br></strong>I’m available for<br><br><ul><li>Projects<br><br></li></ul>Connect with me<br><br>Specialties<br><br>Client Resume<br><br>Business, computer science, and engineering professionals in Canada, the United States, and internationally (for those seeking to work in North America).<br><br>Connect with Joel<br><br>First name<br><br>Last name<br><br>Email<br><br>Phone<br><br>What's your budget?This helps us make sure we have the right cost match.<br><br>$100-$500$500- $1K$1K- 5K$5K - $10K$10K–$25K$25K–$50K$50K-$100KMore than $100K<br><br>When can we get started?Please include any must-hit dates in your message.<br><br>Very quicklySoonNo rush<br><br>How can we help?<br><br>Let’s not make this creepy. We’ll email you just once and not again unless you explicitly ask us to.<br><br>More Writing &amp; Editing Specialists<br><br>Kelsey K<br><br><ul><li> Projects </li><li> Calgary, Alberta</li><li> Digital Strategy and Execution <br><br></li></ul>See Work<br><br>Trisha L<br><br><ul><li> Projects </li><li> Calgary, Alberta</li><li> Writing &amp; Editing <br><br></li></ul>See Work<br><br>Lindsay M<br><br><ul><li> Projects </li><li> Calgary, AB</li><li> Digital Strategy and Execution <br><br></li></ul>See Work<br><br>Chido S<br><br><ul><li> Projects </li><li> Calgary, Alberta</li><li> Digital Strategy and Execution <br><br></li></ul>See Work<br/><br/>Please mention the word **GENTLEST** and tag RMjQwOTo0MDg4OjgwMTU6YzhjZDoyNDQyOmU3N2E6NzdiYzozYjU4 when applying to show you read the job post completely (#RMjQwOTo0MDg4OjgwMTU6YzhjZDoyNDQyOmU3N2E6NzdiYzozYjU4). This is a beta feature to avoid spam applicants. Companies can search these words to find applicants that read this and see they're human.",https://remoteOK.com/remote-jobs/remote-joel-q-the-well-1136288,2026-08-11 16:13:47,,Not Disclosed,Not Specified
Spontaneous Application Halifax,Germain Hôtels,"Enfield,",,,[],2026-08-07 03:56:12+00:00,"Thank you for your <strong>spontaneous application</strong> and your interest in joining our team!<br><br>We value your information and will reach out to you if a suitable opportunity arises.<br><br>In the meantime, please visit our Career page regularly to stay informed about all our job openings, whether in one of our 19 hotel establishments, our 15 restaurants, bars, and cafes, or our two service centers across Canada.<br><br>Interested in learning more about Germain Hotels? Follow us on our various social media platforms:<br><br>On Facebook via Hotels Le Germain, Alt Hotels &amp; Escad Hotels<br><br>On Instagram via @legermainhotels, @althotel &amp; @escadhotels<br><br>On LinkedIn<br><br>Thanks again and see you soon!<br><br><ul><li> The Talent Acquisition Team @ Germain Hotels</li></ul><br/><br/>Please mention the word **ANGELIC** and tag RMjQwOTo0MDg4OjgwMTU6YzhjZDoyNDQyOmU3N2E6NzdiYzozYjU4 when applying to show you read the job post completely (#RMjQwOTo0MDg4OjgwMTU6YzhjZDoyNDQyOmU3N2E6NzdiYzozYjU4). This is a beta feature to avoid spam applicants. Companies can search these words to find applicants that read this and see they're human.",https://remoteOK.com/remote-jobs/remote-spontaneous-application-halifax-germain-hotels-1136285,2026-08-11 16:13:47,,Not Disclosed,Not Specified
Test,Compact Home Lifts,"Collingwood,",,,"['testing', 'non tech']",2026-08-07 02:12:23+00:00,TestTest TestTes tTestTestTestTestTestTestTestTestTestTestTestTestTestTestTestTestTestTestTestTes tTestTestTestT estTestTestTes tTestTestTestTe stTestTestTes tTestTest TestTestTestTestT estTest TestTest TestTestTestTestTestTestTestT estTestTestT estTestTestTestTestTestTestTestTestTestTestTestTestTe stTestTestTes tTestTestTestTestTe stTestTestTestTestTestTestTe stTestTestTestTestTestTestTestTestTest TestTestTestTes tTestTestT estTestTestTestTestTestTest T estTestTestTestTestTestTestTestTestTest<br/><br/>Please mention the word **IMPORTANT** and tag RMjQwOTo0MDg4OjgwMTU6YzhjZDoyNDQyOmU3N2E6NzdiYzozYjU4 when applying to show you read the job post completely (#RMjQwOTo0MDg4OjgwMTU6YzhjZDoyNDQyOmU3N2E6NzdiYzozYjU4). This is a beta feature to avoid spam applicants. Companies can search these words to find applicants that read this and see they're human.,https://remoteOK.com/remote-jobs/remote-test-compact-home-lifts-1136290,2026-08-11 16:13:47,,Not Disclosed,Not Specified
CR281 Customs Agent,FedEx,"Providenciales,",,,"['customer support', 'non tech']",2026-08-07 00:16:33+00:00,"Performs an advanced level of processing, coordinating, and obtaining customs clearance approval for import/export and transshipments of documents, packages, and merchandise in baggage or air freight._x000D_<br><br>_x000D_<br><br>Prepares necessary customs forms to enable import, export, and transshipments procedures to take place in a timely, efficient, and effective manner for consignments arriving/departing via aircraft. Ex. Master Airway bills, cargo manifests and general declarations, invoices, and other related paperwork. Prepares forms detailing customs duties, tariffs, and taxes/V.A.T. fees to enable timely recovery of costs. Prepares international manifests to ensure responsive and efficient customs clearance are possible. Ensures station’s full compliance with country customs and tax laws and are in line with FedEx policies, procedures, practices, and rules. Interfaces with customs officials and coordinates customs activities with internal operation employees. Contacts customers for additional information and to inform them on duties and taxes to be paid. Maintain all customs documentation well organized and properly filed. Performs sorting, baggage support at airport and station and retrieves air freight from carriers as required.<br><br>High School Degree/Equivalent. Two (4) years experience in International freight/cargo customs policies, procedures, rules and laws or 18 months experience as a Customs Agent. Knowledge of airport and customs clearance procedures preferred. Personable and good written and verbal communication skills. Drivers license. General office skills and computer literate. CRT experience preferred. Proficiency in English preferred.<br><br>FedEx is widely acknowledged as a world-class company. We are honored and proud to be consistently recognized as a great place to work, a technology innovator and one of the world’s most admired and respected companies.<br><br>FedEx is consistently named among the World’s most valuable and admired brands. Some of our recent awards include:<br><br><ul><li>2020 Fortune’s World Most Admired Companies (14th)</li><li>2019 Fortune’s Best Places to Work (15th)</li><li>2019 Forbes’s One of the “Best Employers for Diversity”</li><li>2020 FedEx LAC included in the GPTW’s Best Workplaces in Latin America Ranking (24th)</li><li>2021 FedEx Mexico was included in the GPTW Ranking for 18th consecutive years</li><li>2020 FedEx Mexico received the CEMEFI Certification for 13th consecutive years endorsing FedEx as a company socially responsible</li><li>2021 FedEx Chile was re-certified with Giro Limpio, a seal from the Agency of Sustainable Energy that seeks to improve the energy efficiency of the ground transportation sector, by reducing fuel consumption and greenhouse gas emissions.</li><li>2019 FedEx Uruguay selected by GPTW among the 5 best companies to work for.</li></ul><br/><br/>Please mention the word **PUNCTUAL** and tag RMjQwOTo0MDg4OjgwMTU6YzhjZDoyNDQyOmU3N2E6NzdiYzozYjU4 when applying to show you read the job post completely (#RMjQwOTo0MDg4OjgwMTU6YzhjZDoyNDQyOmU3N2E6NzdiYzozYjU4). This is a beta feature to avoid spam applicants. Companies can search these words to find applicants that read this and see they're human.",https://remoteOK.com/remote-jobs/remote-cr281-customs-agent-fedex-1136279,2026-08-11 16:13:47,,Not Disclosed,Not Specified
A People’s Place,John Keells Consumer Foods Sector,"Place,",,,[],2026-08-07 00:03:07+00:00,"Life at CCS<br><br>Ceylon Cold Stores PLC, with the unmatched brand name Elephant House, is an enthusiastic, exciting, fun and enjoyable place to work at. Our diverse employee engagement activities are lined up to ensure that CCS is truly “More than Just a workplace”.<br/><br/>Please mention the word **GENTLEST** and tag RMjQwOTo0MDg4OjgwMTU6YzhjZDoyNDQyOmU3N2E6NzdiYzozYjU4 when applying to show you read the job post completely (#RMjQwOTo0MDg4OjgwMTU6YzhjZDoyNDQyOmU3N2E6NzdiYzozYjU4). This is a beta feature to avoid spam applicants. Companies can search these words to find applicants that read this and see they're human.",https://remoteOK.com/remote-jobs/remote-a-peoples-place-john-keells-consumer-foods-sector-1136295,2026-08-11 16:13:47,,Not Disclosed,Not Specified
Join Our Team,Nebraska Public Power District,"Indiana,",,,[],2026-08-06 23:50:11+00:00,"We believe a diverse generation mix serves our customers best. We use wind -- when it is available. We use coal -- which is reliable and helps keep electric rates low. We use water -- one of the oldest forms of renewable energy. We use nuclear -- which offers emission-free, around-the-clock power. We use natural gas -- to complement the portfolio.<br/><br/>Please mention the word **CALMNESS** and tag RMjQwOTo0MDg4OjgwMTU6YzhjZDoyNDQyOmU3N2E6NzdiYzozYjU4 when applying to show you read the job post completely (#RMjQwOTo0MDg4OjgwMTU6YzhjZDoyNDQyOmU3N2E6NzdiYzozYjU4). This is a beta feature to avoid spam applicants. Companies can search these words to find applicants that read this and see they're human.",https://remoteOK.com/remote-jobs/remote-join-our-team-nebraska-public-power-district-1136284,2026-08-11 16:13:47,,Not Disclosed,Not Specified
JOIN THE Family,"Jayco, Inc.","Indiana,",,,[],2026-08-06 23:47:33+00:00,"RVing is one of the great American pastimes and the RV industry is one of the great American industries. Stake your claim, accelerate your career and be a part of all the fun. If you’re a person that believes in what you do and who you do it with, we want you on our team and in our family.<br/><br/>Please mention the word **ADULATION** and tag RMjQwOTo0MDg4OjgwMTU6YzhjZDoyNDQyOmU3N2E6NzdiYzozYjU4 when applying to show you read the job post completely (#RMjQwOTo0MDg4OjgwMTU6YzhjZDoyNDQyOmU3N2E6NzdiYzozYjU4). This is a beta feature to avoid spam applicants. Companies can search these words to find applicants that read this and see they're human.",https://remoteOK.com/remote-jobs/remote-join-the-family-jayco-inc-1136282,2026-08-11 16:13:47,,Not Disclosed,Not Specified
A glimpse of the pool,SEO,"Leeds,",,,['seo'],2026-08-06 23:26:20+00:00,The first cohort is being vetted now. Request the seat below and we will notify you the moment the pool opens.<br/><br/>Please mention the word **LEADS** and tag RMjQwOTo0MDg4OjgwMTU6YzhjZDoyNDQyOmU3N2E6NzdiYzozYjU4 when applying to show you read the job post completely (#RMjQwOTo0MDg4OjgwMTU6YzhjZDoyNDQyOmU3N2E6NzdiYzozYjU4). This is a beta feature to avoid spam applicants. Companies can search these words to find applicants that read this and see they're human.,https://remoteOK.com/remote-jobs/remote-a-glimpse-of-the-pool-seo-1136292,2026-08-11 16:13:47,,Not Disclosed,Not Specified
Drive Now,CarRentalRating.com,"Vancouver,",,,['exec'],2026-08-06 23:23:04+00:00,Top 5 in Customer Reviews<br><br>Awarded for placing #5 out of 35 companies in Customer Reviews. Current value: 4.57.<br/><br/>Please mention the word **EARNESTNESS** and tag RMjQwOTo0MDg4OjgwMTU6YzhjZDoyNDQyOmU3N2E6NzdiYzozYjU4 when applying to show you read the job post completely (#RMjQwOTo0MDg4OjgwMTU6YzhjZDoyNDQyOmU3N2E6NzdiYzozYjU4). This is a beta feature to avoid spam applicants. Companies can search these words to find applicants that read this and see they're human.,https://remoteOK.com/remote-jobs/remote-drive-now-carrentalrating-com-1136287,2026-08-11 16:13:47,,Not Disclosed,Not Specified
Porter,NHS Ayrshire &amp; Arran,"Greater Perth Area,",,,"['testing', 'non tech']",2026-08-06 19:22:08+00:00,"NHS Scotland is committed to encouraging equality and diversity among our workforce and eliminating unlawful discrimination. The aim is for our workforce to be truly representative and for each employee to feel respected and able to give their best. To this end, NHS Scotland welcomes applications from all sections of society.<br/><br/>Please mention the word **MANEUVERABLE** and tag RMjQwOTo0MDg4OjgwMTU6YzhjZDoyNDQyOmU3N2E6NzdiYzozYjU4 when applying to show you read the job post completely (#RMjQwOTo0MDg4OjgwMTU6YzhjZDoyNDQyOmU3N2E6NzdiYzozYjU4). This is a beta feature to avoid spam applicants. Companies can search these words to find applicants that read this and see they're human.",https://remoteOK.com/remote-jobs/remote-porter-nhs-ayrshire-amp-arran-1136291,2026-08-11 16:13:47,,Not Disclosed,Not Specified
Multiple Positions,"City of Lancaster, Pennsylvania","Lancaster,",,,"['marketing', 'medical', 'non tech']",2026-08-06 17:33:48+00:00,"<p><strong>Explore a rewarding career with the City of Lancaster, Pennsylvania!</strong> Spanning just 7 square miles in south Central Pennsylvania, the City of Lancaster is home to nearly 60,000 diverse residents. The City oversees a range of public services including fire and police, health, housing, parks, streets, as well as water and wastewater for upwards of 120,000 customers in the surrounding region. This work is powered by nearly 600 employees who are committed to the core values of quality, teamwork, integrity, and respect. https://jobs.cityoflancasterpa.gov/</p><p><br></p><p><strong>Mayor Arroyo’s Strategic Priorities&nbsp;</strong></p><ul><li><strong>An Economy That Works</strong> - Driving equitable growth, empowering small businesses, and creating opportunities that strengthen our community.&nbsp;</li><li><strong>Government That Delivers </strong>- Leading with integrity, accountability, and action to meet the needs of every resident and build trust in our city’s future.&nbsp;</li><li><strong>A City Built for Everyone</strong> - Ensuring safe streets, quality housing, and a community where every person has the tools they need to succeed.&nbsp;</li></ul><p><br></p><p><strong>Our Core Values: Quality. Teamwork. Integrity. Respect.</strong>&nbsp;</p><br/><br/>Please mention the word **SHINE** and tag RMjQwOTo0MDg4OjgwMTU6YzhjZDoyNDQyOmU3N2E6NzdiYzozYjU4 when applying to show you read the job post completely (#RMjQwOTo0MDg4OjgwMTU6YzhjZDoyNDQyOmU3N2E6NzdiYzozYjU4). This is a beta feature to avoid spam applicants. Companies can search these words to find applicants that read this and see they're human.",https://remoteOK.com/remote-jobs/remote-multiple-positions-city-of-lancaster-pennsylvania-1136274,2026-08-11 16:13:47,,Not Disclosed,Not Specified
"IDEAS THAT
STICK.
literally ð",Sticky Today,"No. 67 Village,",,,"['engineer', 'saas', 'exec', 'dev', 'digital nomad']",2026-08-06 16:41:48+00:00,"A Note from the Founder<br><br>Why Sticky is Free to Use<br><br>Hey — I'm <strong>Hamza Saleem</strong>, the solo developer behind Sticky.today.<br><br>In May 2026, I made a decision most SaaS founders won't make: <strong>I fired our payment processor and made Sticky completely free for everyone.<br><br></strong>Here's why.<br><br>Software Should Be Free<br><br>Sticky started as a paid product. Pro plans, trials, subscriptions — the usual SaaS playbook. And it worked. People paid. But something felt off.<br><br>The best tools I've ever used didn't ask for my credit card. They just worked. Obsidian, VS Code, Blender — tools that respected me enough to not put a gate between me and my work. I wanted Sticky to be that kind of tool.<br><br>So I tore out every line of billing code. No more trials. No more upgrade prompts. No more payment gateways. Just a fast, free canvas for your ideas.<br><br>The Internet Has Enough Gatekeepers<br><br>Look around — every productivity tool wants $10-20/month from you. Per seat. Per feature. It adds up. And for what? Most of them are glorified text editors with a subscription attached.<br><br>Sticky is different. It's a spatial thinking tool built by one person who actually uses it every day. There's no board of investors demanding recurring revenue. There's no pressure to add ""enterprise features"" nobody asked for. There's just me, building software I believe in, and you, using it however you want.<br><br>I don't think thinking should cost money. Your brain doesn't charge you rent. Neither should your canvas.<br><br>What You Get (For Free)<br><br>Unlimited Boards<br><br>Create as many canvases as you need. No caps, no limits.<br><br>Real-Time Collaboration<br><br>Share boards and work together with live cursors.<br><br>AI Idea Generator<br><br>Brainstorm with GPT-4o-mini. 10 free generations per day.<br><br>Self-Hosting<br><br>MIT licensed. Run it on your own infrastructure.<br><br>Dynamic Tables<br><br>Insert editable tables alongside your sticky notes.<br><br>Dark Mode<br><br>Easy on the eyes. Built in from day one.<br><br>What's Next?<br><br>Sticky will keep improving. I'm building it in public — follow along on Twitter/X or check out the source code on GitHub. No investors. No roadmap dictated by revenue targets. Just a guy building software he believes in, for people who actually want to use it.<br><br>If you read this far, thanks. If Sticky helps you think, that's the win.<br><br>Follow on X View on GitHub<br><br>— Hamza Saleem, May 2026<br/><br/>Please mention the word **QUAINT** and tag RMjQwOTo0MDg4OjgwMTU6YzhjZDoyNDQyOmU3N2E6NzdiYzozYjU4 when applying to show you read the job post completely (#RMjQwOTo0MDg4OjgwMTU6YzhjZDoyNDQyOmU3N2E6NzdiYzozYjU4). This is a beta feature to avoid spam applicants. Companies can search these words to find applicants that read this and see they're human.",https://remoteOK.com/remote-jobs/,2026-08-11 16:13:47,,Not Disclosed,Not Specified
Chief Engineer,Svitzer,"Freeport,",,,['engineer'],2026-08-06 15:21:14+00:00,"<strong>03-007 Job Descriptions<br><br></strong><strong>Building a Diverse Workplace<br><br></strong>In Svitzer we value the diversity of our talent and will always strive to recruit the best person for the job – we value diversity in all its forms, including but not limited to gender, age, nationality, race, sexual orientation, disability, or religious beliefs. We are proud of our diversity and see it as a genuine source of strength for building high performing teams.<br><br>Don’t meet every single requirement? Studies have shown that members from some under-represented groups are less likely to apply for jobs if they don’t meet every single qualification. At Svitzer we are dedicated to building a diverse and inclusive workplace, so if you’re excited about this role but your past experience doesn’t align perfectly with every qualification in the job description, we encourage you to apply anyway. You may be just the right candidate for this or other roles, and we are excited about hearing from you!<br><br><strong>How To Apply<br><br></strong>To apply for this role, please click on the 'Apply Now' button and create a Candidate Home to manage your applications.<br/><br/>Please mention the word **GLORY** and tag RMjQwOTo0MDg4OjgwMTU6YzhjZDoyNDQyOmU3N2E6NzdiYzozYjU4 when applying to show you read the job post completely (#RMjQwOTo0MDg4OjgwMTU6YzhjZDoyNDQyOmU3N2E6NzdiYzozYjU4). This is a beta feature to avoid spam applicants. Companies can search these words to find applicants that read this and see they're human.",https://remoteOK.com/remote-jobs/remote-chief-engineer-svitzer-1136275,2026-08-11 16:13:47,,Not Disclosed,Not Specified
Junior Team Members weekdays availability,Supply Coffee,"Coffs Harbour,",,,"['education', 'marketing', 'junior', 'ops', 'full time', 'non tech']",2026-08-06 12:52:03+00:00,"We are looking for <strong>JUNIOR TEAM MEMBERS</strong> with <strong>WEEKDAYS AVAILABILITY</strong> to join our team at Supply Coffee!<br><br><strong>Benefits<br><br></strong><ul><li>Competitive salary</li><li>Training and growth opportunities</li><li>Evenings off (We are only open until 2.30pm!)</li><li>Work on the Coffs Harbour jetty and enjoy a beautiful view!<br><br></li></ul><strong>About Us<br><br></strong>A team of doers and dreamers brought Supply into its fruition on the Summer of 2015. The McCarthy family name was one known to hospitality goers in the Coffs Coast region. Shane, has forever paved the way.<br><br>A guru in the field, he has worked in fine establishments throughout Melbourne City, managing many venues in Vic &amp; NSW, and eventually birthing Coffs’ first successful silver service seafood restaurant - The Tide &amp; Pilot.<br><br>It was almost ‘tools down’ when the kids moved back to their hometown. Todd, an esteemed Coffee Roaster, Emily, creatively zesty, and Cindy, the operations legend; the family came together and thought ‘let’s give this thing a crack’.<br><br>An idea turned into Supply as we know it today. Steeped in family spirit; a love for good food, fabulous coffee and kind community.<br><br><strong>The role<br><br></strong>We are seeking friendly and passionate candidates to join our high-performing team, you will be adaptable and able to thrive in a busy cafe environment.<br><br><strong>About You<br><br></strong><ul><li>Previous hospitality experience is required</li><li>Casual or full-time availability</li><li>Must have valid Australian working rights</li><li>Willingness to work early mornings and weekends</li><li>Motivated to thrive in a fast-paced environment<br><br></li></ul>How to apply: Click on the Apply Now button to apply through Zapid.<br/><br/>Please mention the word **LIBERTY** and tag RMjQwOTo0MDg4OjgwMTU6YzhjZDoyNDQyOmU3N2E6NzdiYzozYjU4 when applying to show you read the job post completely (#RMjQwOTo0MDg4OjgwMTU6YzhjZDoyNDQyOmU3N2E6NzdiYzozYjU4). This is a beta feature to avoid spam applicants. Companies can search these words to find applicants that read this and see they're human.",https://remoteOK.com/remote-jobs/remote-junior-team-members-weekdays-availability-supply-coffee-1136278,2026-08-11 16:13:47,,Not Disclosed,Not Specified
The Future Belongs People Who Build Together,EventThone Network,"Recruit,",,,[],2026-08-06 12:00:00+00:00,"The Future Belongs to People Who Build Together The world has changed. Success is no longer about working harder than everyone else. It's about working smarter—with the right people. The biggest companies, the fastest-growing startups, and the most successful professionals all have one thing in common: They collaborate. Behind every<br/><br/>Please mention the word **PAMPEREDNESS** and tag RMjQwOTo0MDg4OjgwMTU6YzhjZDoyNDQyOmU3N2E6NzdiYzozYjU4 when applying to show you read the job post completely (#RMjQwOTo0MDg4OjgwMTU6YzhjZDoyNDQyOmU3N2E6NzdiYzozYjU4). This is a beta feature to avoid spam applicants. Companies can search these words to find applicants that read this and see they're human.",https://remoteOK.com/remote-jobs/remote-the-future-belongs-people-who-build-together-eventthone-network-1136273,2026-08-11 16:13:47,,Not Disclosed,Not Specified
Stoic,New Atlantis,"Well,",,,"['teaching', 'data annotation']",2026-08-06 11:15:44+00:00,"A simple journal application for the Mac, iPhone, and iPad. AboutTo learn more about Day One, see these two excellent reviews . PublishPublish is not available in Day One 2.<br/><br/>Please mention the word **BECKONING** and tag RMjQwOTo0MDg4OjgwMTU6YzhjZDoyNDQyOmU3N2E6NzdiYzozYjU4 when applying to show you read the job post completely (#RMjQwOTo0MDg4OjgwMTU6YzhjZDoyNDQyOmU3N2E6NzdiYzozYjU4). This is a beta feature to avoid spam applicants. Companies can search these words to find applicants that read this and see they're human.",https://remoteOK.com/remote-jobs/remote-stoic-new-atlantis-1136271,2026-08-11 16:13:47,,Not Disclosed,Not Specified
Aditya Mudbhary,Durbean,"Day,",,,[],2026-08-06 10:46:57+00:00,"Ajkal Birey Noon (the salt), why is it no longer as strong as it used to be? Or am I buying Birey noon in the wrong shops? I feel like we are all just using Himalayan pink salt instead of the actual Birey noon.. thoughts? Recommendations?<br/><br/>Please mention the word **OVERTAKES** and tag RMjQwOTo0MDg4OjgwMTU6YzhjZDoyNDQyOmU3N2E6NzdiYzozYjU4 when applying to show you read the job post completely (#RMjQwOTo0MDg4OjgwMTU6YzhjZDoyNDQyOmU3N2E6NzdiYzozYjU4). This is a beta feature to avoid spam applicants. Companies can search these words to find applicants that read this and see they're human.",https://remoteOK.com/remote-jobs/remote-aditya-mudbhary-durbean-1136283,2026-08-11 16:13:47,,Not Disclosed,Not Specified
Wave Chaser,Skinventory,"Oakdale 320,",,,[],2026-08-06 09:48:05+00:00,Exterior: Minimal Wear<br><br>These driving gloves offer protection from the elements while still maintaining tactile sensation.<br/><br/>Please mention the word **RELAXED** and tag RMjQwOTo0MDg4OjgwMTU6YzhjZDoyNDQyOmU3N2E6NzdiYzozYjU4 when applying to show you read the job post completely (#RMjQwOTo0MDg4OjgwMTU6YzhjZDoyNDQyOmU3N2E6NzdiYzozYjU4). This is a beta feature to avoid spam applicants. Companies can search these words to find applicants that read this and see they're human.,https://remoteOK.com/remote-jobs/remote-wave-chaser-skinventory-1136266,2026-08-11 16:13:47,,Not Disclosed,Not Specified
Omega,Skinventory,"Loch Sport,",,,"['testing', 'non tech', 'education']",2026-08-06 09:43:18+00:00,Exterior: Minimal Wear<br><br>Synthetic fabrics make these athletic gloves durable and eye-catching. These synthetic black gloves have strong yellow accents.<br/><br/>Please mention the word **DEXTEROUS** and tag RMjQwOTo0MDg4OjgwMTU6YzhjZDoyNDQyOmU3N2E6NzdiYzozYjU4 when applying to show you read the job post completely (#RMjQwOTo0MDg4OjgwMTU6YzhjZDoyNDQyOmU3N2E6NzdiYzozYjU4). This is a beta feature to avoid spam applicants. Companies can search these words to find applicants that read this and see they're human.,https://remoteOK.com/remote-jobs/remote-omega-skinventory-1136256,2026-08-11 16:13:47,,Not Disclosed,Not Specified
Creating Connections That Inspire Success,Mukti Switzerland,"Success,",,,[],2026-08-06 08:58:01+00:00,"Name : Bisnu Kumar Bar<br><br>Year of Passing : 2011-2013<br><br>Course : B.Tech, Computer Sci<br><br>Current Status : Presently working at TCS Gitanjali Office.<br/><br/>Please mention the word **AGREEABLE** and tag RMjQwOTo0MDg4OjgwMTU6YzhjZDoyNDQyOmU3N2E6NzdiYzozYjU4 when applying to show you read the job post completely (#RMjQwOTo0MDg4OjgwMTU6YzhjZDoyNDQyOmU3N2E6NzdiYzozYjU4). This is a beta feature to avoid spam applicants. Companies can search these words to find applicants that read this and see they're human.",https://remoteOK.com/remote-jobs/remote-creating-connections-that-inspire-success-mukti-switzerland-1136267,2026-08-11 16:13:47,,Not Disclosed,Not Specified
YHA QUEENSLAND,Elockers.Com Pty Ltd,"Queensland,",,,"['testing', 'non tech', 'education', 'travel']",2026-08-06 05:58:01+00:00,"YHA is the largest provider of budget travel accommodation in Australia, with a network of 80 hostels in every state and territory around the country. YHA is also part of the world’s largest budget accommodation network, Hostelling International (HI), which has more than 3500 hostels in 60 countries. Services are also provided through YHA<br/><br/>Please mention the word **SPELLBOUND** and tag RMjQwOTo0MDg4OjgwMTU6YzhjZDoyNDQyOmU3N2E6NzdiYzozYjU4 when applying to show you read the job post completely (#RMjQwOTo0MDg4OjgwMTU6YzhjZDoyNDQyOmU3N2E6NzdiYzozYjU4). This is a beta feature to avoid spam applicants. Companies can search these words to find applicants that read this and see they're human.",https://remoteOK.com/remote-jobs/remote-yha-queensland-elockers-com-pty-ltd-1136265,2026-08-11 16:13:47,,Not Disclosed,Not Specified
Baxters Food Group,Washington State University School of Food Science,"Baxters,",,,"['coordinator', 'customer support', 'travel', 'exec', 'ops', 'legal', 'medical']",2026-08-06 03:43:02+00:00,"Our Beetroot Story<br><br>Customer Operations Coodinator<br><br>We are seeking a highly organised and proactive Customer Operations Coordinator to join our team in Fochabers. The successful candidate will play a vital role in building and maintaining strong, effective relationships with both external customers and internal stakeholders.<br><br>Regional HSE Advisor<br><br>An exciting opportunity has arisen for a Regional HSE Advisor to support our busy teams across our Baxters sites in Burntwood, London &amp; Colchester.<br><br>As part of the European HSE Team, in the role of Regional HSE Advisor, you will deliver the HSE agenda for three UK manufacturing sites. You will lead and support operations with the application of Health and Safety to ensure legal compliance. As part of the team, you will be expected to promote a high-performance safety culture and deliver risk reduction across the manufacturing operations. You will be supported by the European function and be providing a programme for delivery with some local variation. You will be expected to travel between the three sites and ensure all sites are at the required standard.<br/><br/>Please mention the word **RAPTURE** and tag RMjQwOTo0MDg4OjgwMTU6YzhjZDoyNDQyOmU3N2E6NzdiYzozYjU4 when applying to show you read the job post completely (#RMjQwOTo0MDg4OjgwMTU6YzhjZDoyNDQyOmU3N2E6NzdiYzozYjU4). This is a beta feature to avoid spam applicants. Companies can search these words to find applicants that read this and see they're human.",https://remoteOK.com/remote-jobs/remote-baxters-food-group-washington-state-university-school-of-food-science-1136338,2026-08-11 16:13:47,,Not Disclosed,Not Specified
barista,Cafe March 21,"Windsor,",,,"['education', 'non tech']",2026-08-06 01:12:05+00:00,"<strong>Overview<br><br></strong>Languages<br><br>English<br><br>Education<br><br><ul><li> No degree, certificate or diploma <br><br></li></ul><strong>Experience<br><br></strong>No experience (will train)<br><br>On site<br><br>Work must be completed at the physical location. There is no option to work remotely.<br><br>Asset languages<br><br><ul><li>Japanese</li><li>Korean</li></ul><br/><br/>Please mention the word **POWERFULLY** and tag RMjQwOTo0MDg4OjgwMTU6YzhjZDoyNDQyOmU3N2E6NzdiYzozYjU4 when applying to show you read the job post completely (#RMjQwOTo0MDg4OjgwMTU6YzhjZDoyNDQyOmU3N2E6NzdiYzozYjU4). This is a beta feature to avoid spam applicants. Companies can search these words to find applicants that read this and see they're human.",https://remoteOK.com/remote-jobs/remote-barista-cafe-march-21-1136231,2026-08-11 16:13:47,,Not Disclosed,Remote
Maintenance Technician,The McBride Group,"Oistins,",,,"['sys admin', 'infosec', 'education', 'technical', 'supervisor', 'customer support', 'finance', 'microsoft', 'exec', 'ops', 'legal', 'medical']",2026-08-05 23:50:54+00:00,"<p>Join our team and become a part of a continuously expanding and financially sound multinational conglomerate - Goddard Enterprises Limited (GEL). <strong>McBride (Caribbean) Limited</strong> – a member of GEL, is a household aerosol manufacturing company that sells its products in 30 countries across the Caribbean and Latin America. &nbsp;We are looking for a talented individual who shares our values to join our team as <strong>Maintenance Technician</strong>. This position reports to the Maintenance Supervisor.</p><p><br></p><p><strong>THE ROLE:</strong>&nbsp;</p><p>The primary duties and responsibilities of the <strong>Maintenance Technician</strong> include but are not limited to:</p><p><br></p><p>•&nbsp;&nbsp;&nbsp;&nbsp;&nbsp;&nbsp;Conduct production line change overs and equipment setups.</p><p>•&nbsp;&nbsp;&nbsp;&nbsp;&nbsp;&nbsp;Troubleshoot and repair mechanical, electrical and pneumatic faults on production and ancillary equipment.</p><p>•&nbsp;&nbsp;&nbsp;&nbsp;&nbsp;&nbsp;&nbsp;Perform planned preventive maintenance on all plant and equipment in accordance with the maintenance schedule.</p><p>•&nbsp;&nbsp;&nbsp;&nbsp;&nbsp;&nbsp;Conduct electrical fault finding, repairs and minor installations on plant and equipment.</p><p>•&nbsp;&nbsp;&nbsp;&nbsp;&nbsp;&nbsp;Complete and close out work orders in the maintenance management system.</p><p>•&nbsp;&nbsp;&nbsp;&nbsp;&nbsp;&nbsp;Assist with the installation and commissioning of new equipment and plant improvement projects.</p><p>•&nbsp;&nbsp;&nbsp;&nbsp;&nbsp;&nbsp;Perform fabrication works in support of repairs and projects.</p><p>•&nbsp;&nbsp;&nbsp;&nbsp;&nbsp;&nbsp;Maintain plant utilities and services, including compressed air systems.</p><p>•&nbsp;&nbsp;&nbsp;&nbsp;&nbsp;&nbsp;Check safety and emergency equipment to ensure functionality as scheduled.</p><p>•&nbsp;&nbsp;&nbsp;&nbsp;&nbsp;&nbsp;Complete reports and process documentation.</p><p>•&nbsp;&nbsp;&nbsp;&nbsp;&nbsp;&nbsp;Maintain a clean and safe working area and work strictly within the site health, safety and environmental procedures.</p><p><br></p><p><strong>QUALIFICATIONS, EXPERIENCE &amp; SKILLS:</strong>&nbsp;</p><p>•&nbsp;&nbsp;&nbsp;&nbsp;&nbsp;&nbsp;City &amp; Guilds Technical Certificate or equivalent technical qualification from an accredited institution. Electrical certification preferred. </p><p>•&nbsp;&nbsp;&nbsp;&nbsp;&nbsp;&nbsp;Minimum of five (5) years’ experience in a similar capacity.</p><p>•&nbsp;&nbsp;&nbsp;&nbsp;&nbsp;&nbsp;Knowledge of electrical equipment, industrial automation and pneumatic controls would be an asset.</p><p>•&nbsp;&nbsp;&nbsp;&nbsp;&nbsp;&nbsp;Welding skills and experience in a flammable manufacturing environment would be an asset.</p><p>•&nbsp;&nbsp;&nbsp;&nbsp;&nbsp;&nbsp;Strong analytical, problem solving and decision making skills.</p><p>•&nbsp;&nbsp;&nbsp;&nbsp;&nbsp;&nbsp;Excellent written and oral communication and interpersonal skills.</p><p>•&nbsp;&nbsp;&nbsp;&nbsp;&nbsp;&nbsp;Proficiency in Microsoft Office Suite.</p><p>•&nbsp;&nbsp;&nbsp;&nbsp;&nbsp;&nbsp;Ability to be flexible and work overtime as required. &nbsp;</p><p>•&nbsp;&nbsp;&nbsp;&nbsp;&nbsp;&nbsp;Ability to work effectively with others and independently.</p><p><br></p><p><br></p><p><strong>BENEFITS:</strong></p><p>An attractive remuneration and benefits package is being offered commensurate with the candidate’s experience. Our benefits package includes participation in the Group Life, Medical Insurance and Pension Schemes, opportunities for training &amp; development. Through our Employee Share Option Plan (ESOP) you have the opportunity to be a part-owner of GEL (where eligible)—let’s grow together! &nbsp;</p><p><br></p><p><strong>All Applications should be submitted no later than August 21, 2026.</strong></p><p><br></p><p><em>We thank all applicants but advise that only those selected for the interview will receive an acknowledgement.&nbsp;</em></p><br/><br/>Please mention the word **NURTURING** and tag RMjQwOTo0MDg4OjgwMTU6YzhjZDoyNDQyOmU3N2E6NzdiYzozYjU4 when applying to show you read the job post completely (#RMjQwOTo0MDg4OjgwMTU6YzhjZDoyNDQyOmU3N2E6NzdiYzozYjU4). This is a beta feature to avoid spam applicants. Companies can search these words to find applicants that read this and see they're human.",https://remoteOK.com/remote-jobs/remote-maintenance-technician-the-mcbride-group-1136269,2026-08-11 16:13:47,,Not Disclosed,Not Specified
Technical Storekeeper,Carnival Corporation,"East Grand Bahama,",,,"['sys admin', 'infosec', 'education', 'technical', 'supervisor', 'customer support', 'finance', 'microsoft', 'exec', 'ops', 'legal', 'medical']",2026-08-05 23:19:41+00:00,"<strong>Job Description<br><br></strong><strong>Job Summary<br><br></strong>The Technical Storekeeper is responsible for handling and managing the receiving, storage, and processing of incoming and outgoing spare parts and technical supplies at one or more Carnival Corporation owned and operated global destination. This role supports the overall management of inventory levels, ensuring that all materials are accurately accounted for, properly stored, and readily available for technical teams as needed. The Technical Storekeeper monitors stock levels, maintains accurate records, coordinates with procurement for replenishment, and ensures compliance with company policies and safety standards. The position requires strong organizational skills, attention to detail, and the ability to work collaboratively with maintenance and technical staff to support smooth operational workflows.<br><br><ul><li> Inventory Management and Record Keeping </li><li>Keep accurate records regarding stock counts, requirements, and reporting needs. </li><li>Review and issue a weekly inventory list of technical spares. </li><li>Update and maintain system records upon arrival of new parts and tools. </li><li>Label and maintain all tools, equipment, and spare parts. </li><li>Audit incoming materials for accurate paperwork and counts. </li><li>Confirm deliveries against invoices for accuracy of store count. </li><li>Monitor inventory levels to prevent shortages or overstock situations. </li><li>Track usage of spare parts to support maintenance planning and budgeting. </li><li> Ordering and Procurement Support</li><li>Place requests for all parts necessary for the storeroom for review and approval. </li><li>Assist with purchasing items and materials as needed. </li><li>Liaise with staff, management, and vendors to source supplies efficiently. </li><li>Coordinate with procurement teams to ensure timely delivery of parts. </li><li>Review vendor quotes and maintain records of supplier transactions. </li><li>Suggest alternatives for unavailable or discontinued parts. </li><li> Stores Organization and Receiving </li><li>Maintain stores in an organized and well-ordered manner. </li><li>Assist with unloading containers, sorting, counting, and receiving materials. </li><li>Ensure proper storage, handling, and labeling of all parts and tools. </li><li>Implement storage systems to maximize space and accessibility. </li><li>Conduct regular inspections to ensure cleanliness and orderliness of storerooms. </li><li>Follow safety protocols when handling heavy or hazardous materials. </li><li> Reporting, Compliance, and Other Duties </li><li>Create required reports related to inventory, usage, and discrepancies. </li><li>Uphold environmental policies and procedures in all store operations. </li><li>Document and report any damaged or defective parts to management. </li><li>Perform any other duties assigned by management. </li><li>Support cross-functional teams by providing required spare parts and technical materials. </li><li>Assist in audits and inspections as needed. <br><br></li></ul><strong>Knowledge, Skills &amp; Abilities Needed<br><br></strong><ul><li>Ability to adhere to the company’s standards regarding dress and appearance. </li><li>Ability to maintain confidentiality and data protection standards when handling vendor financial or business documents</li><li>Ability to work collaboratively in a team-oriented environment as necessary. </li><li>Strong organizational and time-management skills, with the ability to multitask effectively. </li><li>Excellent written and verbal communication and interpersonal skills. </li><li>Proficiency in Microsoft Office Suite and familiarity with data entry and reporting tools. </li><li>Detail orientated with a proactive approach to problem solving. </li><li>Ability to multi-task and think critically</li><li>Problem-solving and decision-making abilities</li><li>Strong planning and coordination skills, especially in handling multiple priorities under tight deadlines. </li><li>Must be physically fit. </li><li>Ability to work in an outdoor environment as needed. </li><li>May need to stand for long periods of time. </li><li>May be requested to work a shift schedule while at any of the destinations. </li><li>Knowledge: Understanding of workplace policies and procedures / Familiarity with team collaboration tools and techniques. </li><li>Skills: Strong time management and organizational skills</li><li>Abilities: Ability to maintain reliable and consistent attendance / Capacity to be punctual and meet deadlines / Ability to collaborate effectively with colleagues and work as part of a team / Demonstrated professionalism in all interactions and tasks. <br><br></li></ul><strong>HESS Responsibilities<br><br></strong><ul><li>Adhere to all company policies, procedures, and guidelines related to health, safety, environmental protection, and security. </li><li>Take all necessary precautions, use personal protective equipment (PPE), safety devices, and tools correctly and consistently, as required by the nature of the work. </li><li>Promptly report any unsafe conditions, incidents, or environmental concerns to the appropriate supervisor or HESS representative. </li><li>Take reasonable care for your own health and safety, as well as that of colleagues and others who may be affected by your actions. </li><li>Actively participate in HESS trainings and initiatives that promote a safe, secure, and environmentally sustainable workplace. </li><li>Cooperate fully with company efforts to maintain compliance with legal and regulatory requirements. </li><li>Seek opportunities to improve safety and environmental performance in daily tasks. <br><br></li></ul><strong>Essential/Minimum Qualifications<br><br></strong><ul><li>High School Diploma or GED ; equivalent experience is required; additional education in Hospitality or a related field is a plus </li><li>Current Health Certificate<br><br></li></ul><strong>Essential Experience Required<br><br></strong><ul><li>A minimum of two (2) years relevant work experience in a technical role </li><li>Ability to lift at least 50 pounds. </li><li>Ability to create reports and documentation skills. </li><li>Analytical and Numerate Skills </li><li>Strong interpersonal, problem solving, conflict resolution and communication skills. </li><li>Proficient in English </li><li>Proficient in Microsoft Office </li><li>Working knowledge of: Swimming hazards; Beach Hazards; Pool hazards Lifeguard training techniques </li><li>First aid and Cardio-pulmonary Resuscitation (CPR) </li><li>Prolonged periods sitting at a desk and working on a computer. </li><li>Must be able to lift up to 15 pounds at times. </li><li>All island employees must be physically able to participate in emergency lifesaving procedures and drills. Full use/range of motion of arms and legs as well as full visual, verbal and hearing abilities are required to receive and give instructions in the event of an emergency.</li></ul><br/><br/>Please mention the word **AMICABLE** and tag RMjQwOTo0MDg4OjgwMTU6YzhjZDoyNDQyOmU3N2E6NzdiYzozYjU4 when applying to show you read the job post completely (#RMjQwOTo0MDg4OjgwMTU6YzhjZDoyNDQyOmU3N2E6NzdiYzozYjU4). This is a beta feature to avoid spam applicants. Companies can search these words to find applicants that read this and see they're human.",https://remoteOK.com/remote-jobs/remote-technical-storekeeper-carnival-corporation-1136268,2026-08-11 16:13:47,,Not Disclosed,Not Specified
You Don't Need More Information,Cross Seat,"Anupgarh,",,,[],2026-08-05 19:29:15+00:00,"Most people think they need more information.<br><br>Another podcast.<br><br>Another article.<br><br>Another opinion.<br><br><em>But information isn’t the problem.<br><br></em><em>Access is.<br><br></em>Because the right insight, at the right time, from the right person…<br><br>is worth more than a thousand scattered ideas.<br><br><strong>That’s the difference between noise and signal.<br><br></strong>At Cross Seat, we’re not adding to the noise.<br><br>We’re curating proximity.<br><br>A space where the conversations are relevant.<br><br>The people are intentional.<br><br>And the insights actually move you forward.<br><br>Because when you’re in the right room,<br><br>you don’t need more information -<br><br>you need fewer, better conversations.<br><br>—<br><br><strong>Cross Seat<br><br></strong>Where access meets intention.<br/><br/>Please mention the word **FABULOUSLY** and tag RMjQwOTo0MDg4OjgwMTU6YzhjZDoyNDQyOmU3N2E6NzdiYzozYjU4 when applying to show you read the job post completely (#RMjQwOTo0MDg4OjgwMTU6YzhjZDoyNDQyOmU3N2E6NzdiYzozYjU4). This is a beta feature to avoid spam applicants. Companies can search these words to find applicants that read this and see they're human.",https://remoteOK.com/remote-jobs/remote-you-dont-need-more-information-cross-seat-1136311,2026-08-11 16:13:47,,Not Disclosed,Not Specified
12650000,Radical Reversibility,"Shijak,",,,"['education', 'non tech', 'finance', 'exec', 'saas', 'sys admin', 'vfx', 'c']",2026-08-05 19:01:14+00:00,"Credits: Wikimedia Commons / Photographer unknown, June 28, 1914<br><br>There is no such thing as coincidence<br/><br/>Please mention the word **PLEASES** and tag RMjQwOTo0MDg4OjgwMTU6YzhjZDoyNDQyOmU3N2E6NzdiYzozYjU4 when applying to show you read the job post completely (#RMjQwOTo0MDg4OjgwMTU6YzhjZDoyNDQyOmU3N2E6NzdiYzozYjU4). This is a beta feature to avoid spam applicants. Companies can search these words to find applicants that read this and see they're human.",https://remoteOK.com/remote-jobs/remote-12650000-radical-reversibility-1136202,2026-08-11 16:13:47,,Not Disclosed,Not Specified
There is no such thing as coincidence,Radical Reversibility,"Belleek,",,,"['education', 'non tech', 'finance', 'exec', 'saas', 'sys admin', 'vfx', 'c']",2026-08-05 18:58:48+00:00,"Credits: Wikimedia Commons / Photographer unknown, June 28, 1914<br><br>There is no such thing as coincidence<br/><br/>Please mention the word **AVAILABLE** and tag RMjQwOTo0MDg4OjgwMTU6YzhjZDoyNDQyOmU3N2E6NzdiYzozYjU4 when applying to show you read the job post completely (#RMjQwOTo0MDg4OjgwMTU6YzhjZDoyNDQyOmU3N2E6NzdiYzozYjU4). This is a beta feature to avoid spam applicants. Companies can search these words to find applicants that read this and see they're human.",https://remoteOK.com/remote-jobs/remote-there-is-no-such-thing-as-coincidence-radical-reversibility-1136203,2026-08-11 16:13:47,,Not Disclosed,Not Specified
CROWN MELBOURNE,Crown &amp; Pearl,"Melbourne,",,,"['testing', 'non tech', 'education']",2026-08-05 18:07:25+00:00,"We are dedicated to seeking colleagues who are passionate leaders. We are also committed to proving a culture that motivates, challenges, and inspires our colleagues every day.<br/><br/>Please mention the word **LUXURIOUS** and tag RMjQwOTo0MDg4OjgwMTU6YzhjZDoyNDQyOmU3N2E6NzdiYzozYjU4 when applying to show you read the job post completely (#RMjQwOTo0MDg4OjgwMTU6YzhjZDoyNDQyOmU3N2E6NzdiYzozYjU4). This is a beta feature to avoid spam applicants. Companies can search these words to find applicants that read this and see they're human.",https://remoteOK.com/remote-jobs/remote-crown-melbourne-crown-amp-pearl-1136263,2026-08-11 16:13:47,,Not Disclosed,Not Specified
Routesetters,SetRsoft,"Test Valley,",,,"['education', 'non tech', 'finance', 'exec', 'saas', 'sys admin', 'vfx']",2026-08-05 17:32:38+00:00,"Undo·Ctrl+Z<br><br>Redo·Ctrl+Shift+Z<br><br>open_with<br><br>Translate·Shift + Left click<br><br>sync<br><br>Rotate·Left click<br><br>aspect_ratio<br><br>Scale·Scroll with mouse<br><br>broken_image<br><br>3D viewer unavailable<br><br>Your browser could not create a WebGL context, which is required to display the 3D wall editor. This is usually caused by disabled hardware acceleration or an incompatible graphics driver.<br><br>Try enabling hardware acceleration in your browser settings (<strong>Settings → System → Use hardware acceleration when available</strong>) and reload the page.<br><br>SetRsoft Creator Studio<br><br>Click on a hold and drag it to the left<br><br>Quick Access<br><br>9<br><br>Holds (Hand/Foot)<br><br>0/0<br><br>0/0<br><br>0/0<br><br>0/0<br><br>0/0<br><br>0/0<br><br>0/0<br><br>0/0<br><br>Volumes<br><br>0/0<br/><br/>Please mention the word **PARDON** and tag RMjQwOTo0MDg4OjgwMTU6YzhjZDoyNDQyOmU3N2E6NzdiYzozYjU4 when applying to show you read the job post completely (#RMjQwOTo0MDg4OjgwMTU6YzhjZDoyNDQyOmU3N2E6NzdiYzozYjU4). This is a beta feature to avoid spam applicants. Companies can search these words to find applicants that read this and see they're human.",https://remoteOK.com/remote-jobs/remote-routesetters-setrsoft-1136200,2026-08-11 16:13:47,,Not Disclosed,Not Specified
The right person can still introduce themselves,OmeSync,"Division No. 11,",,,"['education', 'non tech', 'design', 'speech', 'admin', 'exec', 'digital nomad', 'ops']",2026-08-05 17:25:29+00:00,"Join a focused team working across digital products, operational platforms, and applied AI. We value clear thinking, dependable execution, and people who care about the work after it ships.<br/><br/>Please mention the word **STEADFASTNESS** and tag RMjQwOTo0MDg4OjgwMTU6YzhjZDoyNDQyOmU3N2E6NzdiYzozYjU4 when applying to show you read the job post completely (#RMjQwOTo0MDg4OjgwMTU6YzhjZDoyNDQyOmU3N2E6NzdiYzozYjU4). This is a beta feature to avoid spam applicants. Companies can search these words to find applicants that read this and see they're human.",https://remoteOK.com/remote-jobs/remote-the-right-person-can-still-introduce-themselves-omesync-1136233,2026-08-11 16:13:47,,Not Disclosed,Not Specified
Adrien Maret,Reboot with AI,"Bhopal,",,,['exec'],2026-08-05 17:24:14+00:00,"Pierre Vannier est ingénieur logiciel, entrepreneur et CEO de Flint. Depuis plus de 25 ans, il accompagne des équipes tech sur leurs enjeux d’ingénierie logicielle, d’organisation et d’IA. Ancien directeur pédagogique à Epitech, co-host du podcast « IA pas que la Data », il intervient aussi sur BFM autour des sujets IA.<br/><br/>Please mention the word **EARNESTLY** and tag RMjQwOTo0MDg4OjgwMTU6YzhjZDoyNDQyOmU3N2E6NzdiYzozYjU4 when applying to show you read the job post completely (#RMjQwOTo0MDg4OjgwMTU6YzhjZDoyNDQyOmU3N2E6NzdiYzozYjU4). This is a beta feature to avoid spam applicants. Companies can search these words to find applicants that read this and see they're human.",https://remoteOK.com/remote-jobs/remote-adrien-maret-reboot-with-ai-1136277,2026-08-11 16:13:47,,Not Disclosed,Not Specified
LEGACY OF THE HORIZON,Kuykendall Industries,"Bengough 40,",,,"['education', 'non tech', 'design', 'speech', 'admin', 'exec', 'digital nomad', 'ops', 'architecture']",2026-08-05 17:17:10+00:00,Architect the canvas-based galaxy map — the primary interface for all of LoTH. 5+ years canvas or WebGL.<br/><br/>Please mention the word **NURTURING** and tag RMjQwOTo0MDg4OjgwMTU6YzhjZDoyNDQyOmU3N2E6NzdiYzozYjU4 when applying to show you read the job post completely (#RMjQwOTo0MDg4OjgwMTU6YzhjZDoyNDQyOmU3N2E6NzdiYzozYjU4). This is a beta feature to avoid spam applicants. Companies can search these words to find applicants that read this and see they're human.,https://remoteOK.com/remote-jobs/remote-legacy-of-the-horizon-kuykendall-industries-1136234,2026-08-11 16:13:47,,Not Disclosed,Not Specified
Labourers,Simmons Civil,"Gladstone,",,,"['testing', 'marketing', 'sales', 'ecommerce', 'shopify', 'non tech', 'embedded', 'infosec', 'travel', 'finance', 'video', 'laravel', 'html', 'ads', 'content writing', 'senior', 'ops', 'stats', 'golang', 'engineer', 'education', 'customer support']",2026-08-05 16:55:43+00:00,"Careers<br><br>Labourers: Join Simmons Civil Gladstone<br><br>Open Now<br><br>Gladstone, QLD<br><br>Full Time<br><br>Join Simmons Civil, Gladstone’s local experts in Civil Construction. We offer exciting opportunities across a range of projects — plus a 9 day fortnight with every second Friday off.<br><br>Apply Now<br><br>The Job<br><br><strong>About The Position<br><br></strong>Currently, we’re looking for experienced Labourers to join our upbeat and efficient work crew.<br><br>Your Duties<br><br><ul><li>Performing industrial, maintenance, and civil work at various sites within the Gladstone region<br><br></li></ul>What We Offer<br><br><ul><li>9-day fortnight, every second Friday off</li><li>Finish 2pm Fridays</li><li>Bi-monthly team BBQ and beers</li><li>All uniforms and tools supplied</li><li>Ongoing training and upskilling<br><br></li></ul>Apply<br><br>Apply Now<br><br>Apply now to join our team! Or if you’ve got questions about Simmons Civil or need support through the application process, please <strong>contact us</strong> — we’re happy to help.<br><br>Career Apply<br><br>Subscribe<br><br>Name<br><br>Phone<br><br>Email<br><br><strong>About<br><br></strong>Upload CV<br><br>Select File(s)<br><br>Only PDF's and documents accepted. Maximum limit of 5 files. 20mb file limit.<br><br>I have read and agree to the Terms and Conditions and Privacy Policy<br><br><strong>Alternative:<br><br></strong>WPA<br><br><strong>About<br><br></strong>Why Join Simmons Civil?<br><br>Access a range of project opportunities and collaborate with different companies, contractors, and industries. Gain more experience in your chosen field, and develop a variety of new skills along the way. If you share our values of safety, quality, and integrity, we’d love to hear from you.<br><br>Check out our Careers Page to see other opportunities and find out more about what it’s like to be part of Simmons Civil.<br><br>Go to Careers<br/><br/>Please mention the word **SPELLBOUND** and tag RMjQwOTo0MDg4OjgwMTU6YzhjZDoyNDQyOmU3N2E6NzdiYzozYjU4 when applying to show you read the job post completely (#RMjQwOTo0MDg4OjgwMTU6YzhjZDoyNDQyOmU3N2E6NzdiYzozYjU4). This is a beta feature to avoid spam applicants. Companies can search these words to find applicants that read this and see they're human.",https://remoteOK.com/remote-jobs/remote-labourers-simmons-civil-1136230,2026-08-11 16:13:47,,Not Disclosed,Not Specified
Automotive Estimator,J&amp;D Quality Smash Repairs,"Queensland,",,,"['testing', 'marketing', 'sales', 'ecommerce', 'shopify', 'non tech', 'embedded', 'infosec', 'travel', 'finance', 'video', 'laravel', 'html', 'ads', 'content writing', 'senior', 'ops', 'stats', 'golang', 'engineer']",2026-08-05 16:29:53+00:00,Apply now!!! *Only shortlisted candidates will be contacted.<br><br>Submit your details and CV via this form and one of our team members will be in contact if feel we could be a suitable match.<br/><br/>Please mention the word **FLATTER** and tag RMjQwOTo0MDg4OjgwMTU6YzhjZDoyNDQyOmU3N2E6NzdiYzozYjU4 when applying to show you read the job post completely (#RMjQwOTo0MDg4OjgwMTU6YzhjZDoyNDQyOmU3N2E6NzdiYzozYjU4). This is a beta feature to avoid spam applicants. Companies can search these words to find applicants that read this and see they're human.,https://remoteOK.com/remote-jobs/remote-automotive-estimator-jampd-quality-smash-repairs-1136229,2026-08-11 16:13:47,,Not Disclosed,Not Specified
Vibes on Rails,Managing AI,"Anupgarh,",,,"['dev', 'exec', 'digital nomad', 'ruby']",2026-08-05 16:10:39+00:00,"TL;DR: Let agents act autonomously and ""do the work"", but rely on the platform to strictly enforce the success or failure of those actions based on deterministic rules.<br/><br/>Please mention the word **OPENLY** and tag RMjQwOTo0MDg4OjgwMTU6YzhjZDoyNDQyOmU3N2E6NzdiYzozYjU4 when applying to show you read the job post completely (#RMjQwOTo0MDg4OjgwMTU6YzhjZDoyNDQyOmU3N2E6NzdiYzozYjU4). This is a beta feature to avoid spam applicants. Companies can search these words to find applicants that read this and see they're human.",https://remoteOK.com/remote-jobs/remote-vibes-on-rails-managing-ai-1136244,2026-08-11 16:13:47,,Not Disclosed,Not Specified
Java Developer,Clera,Los Angeles,,,"['dev', 'design', 'education', 'docker', 'java', 'cloud', 'ops', 'sys admin', 'golang', 'engineer', 'backend', 'full time', 'digital nomad']",2026-08-05 16:00:23+00:00,"<h3>About the Role</h3><p style=""min-height:1.5em"">We are an early-stage, venture-backed AI infrastructure company building production-ready Kubernetes-based systems for GPU-intensive workloads. Our platform helps companies go from bare metal to fully operational AI clusters in days, and we're looking for a <strong>Java Developer</strong> to join our small, high-impact engineering team.</p><h3>What You'll Do</h3><ul style=""min-height:1.5em""><li><p style=""min-height:1.5em"">Understand customer requirements and translate them into robust, scalable Java-based solutions.</p></li><li><p style=""min-height:1.5em"">Design, develop, and maintain backend services and infrastructure tooling that supports our distributed systems platform.</p></li><li><p style=""min-height:1.5em"">Collaborate closely with product and infrastructure engineers to deliver features end-to-end.</p></li><li><p style=""min-height:1.5em"">Contribute to the reliability and performance of systems handling AI inference pipelines, distributed training, storage orchestration, and GPU scheduling workloads.</p></li><li><p style=""min-height:1.5em"">Participate in code reviews, architectural discussions, and continuous improvement of engineering practices.</p></li></ul><h3>What We're Looking For</h3><ul style=""min-height:1.5em""><li><p style=""min-height:1.5em""><strong>Required:</strong></p><ul style=""min-height:1.5em""><li><p style=""min-height:1.5em"">Solid hands-on experience with Java development and the JVM ecosystem.</p></li><li><p style=""min-height:1.5em"">Familiarity with distributed systems concepts and cloud-native environments.</p></li><li><p style=""min-height:1.5em"">Experience working with or around Kubernetes, containerization (Docker), or related infrastructure tooling.</p></li><li><p style=""min-height:1.5em"">Strong problem-solving skills and ability to work effectively in a fast-paced, early-stage environment.</p></li><li><p style=""min-height:1.5em"">Clear communication skills — we are a small team and direct collaboration matters.</p></li></ul></li><li><p style=""min-height:1.5em""><strong>Nice to have:</strong></p><ul style=""min-height:1.5em""><li><p style=""min-height:1.5em"">Experience with GitOps workflows or tools (e.g., Flux, ArgoCD).</p></li><li><p style=""min-height:1.5em"">Exposure to GPU scheduling, ML infrastructure, or high-performance computing environments.</p></li><li><p style=""min-height:1.5em"">Familiarity with open-source contribution practices.</p></li><li><p style=""min-height:1.5em"">Experience in a startup or early-stage company setting.</p></li></ul></li></ul><h3>Compensation &amp; Benefits</h3><p style=""min-height:1.5em"">Compensation details were not provided for this role. This is a full-time position at an early-stage, VC-backed company where equity participation is typical. Details will be discussed during the interview process.</p><h3>Location</h3><p style=""min-height:1.5em"">This role is based in <strong>Los Angeles, CA, USA</strong>. The company also has a presence in San Francisco, CA.</p><p style=""min-height:1.5em""><strong>Visa sponsorship is not available</strong> for this position.</p><br/><br/>Please mention the word **MERRINESS** and tag RMjQwOTo0MDg4OjgwMTU6YzhjZDoyNDQyOmU3N2E6NzdiYzozYjU4 when applying to show you read the job post completely (#RMjQwOTo0MDg4OjgwMTU6YzhjZDoyNDQyOmU3N2E6NzdiYzozYjU4). This is a beta feature to avoid spam applicants. Companies can search these words to find applicants that read this and see they're human.",https://remoteOK.com/remote-jobs/remote-java-developer-clera-1136188,2026-08-11 16:13:47,,Not Disclosed,Not Specified
Performance optimization,UXGeek.tech,"London,",,,"['education', 'non tech', 'finance', 'exec', 'saas', 'sys admin', 'vfx', 'c']",2026-08-05 15:58:55+00:00,C<br><br>a<br><br>r<br><br>e<br><br>e<br><br>r<br><br>s<br><br>d<br><br>e<br><br>t<br><br>a<br><br>i<br><br>l<br><br>s<br><br>Home/Careers details<br/><br/>Please mention the word **ENJOYABLY** and tag RMjQwOTo0MDg4OjgwMTU6YzhjZDoyNDQyOmU3N2E6NzdiYzozYjU4 when applying to show you read the job post completely (#RMjQwOTo0MDg4OjgwMTU6YzhjZDoyNDQyOmU3N2E6NzdiYzozYjU4). This is a beta feature to avoid spam applicants. Companies can search these words to find applicants that read this and see they're human.,https://remoteOK.com/remote-jobs/remote-performance-optimization-uxgeek-tech-1136201,2026-08-11 16:13:47,,Not Disclosed,Not Specified
Ideas Brief Library,xsbrt,"Foresight,",,,"['testing', 'non tech']",2026-08-05 15:54:44+00:00,"A quieter board for ideas worth testing. Skim the first move, timing signal, and rough economics before you decide what deserves attention.<br/><br/>Please mention the word **RESILIENT** and tag RMjQwOTo0MDg4OjgwMTU6YzhjZDoyNDQyOmU3N2E6NzdiYzozYjU4 when applying to show you read the job post completely (#RMjQwOTo0MDg4OjgwMTU6YzhjZDoyNDQyOmU3N2E6NzdiYzozYjU4). This is a beta feature to avoid spam applicants. Companies can search these words to find applicants that read this and see they're human.",https://remoteOK.com/remote-jobs/remote-ideas-brief-library-xsbrt-1136254,2026-08-11 16:13:47,,Not Disclosed,Not Specified
FutureLens,xsbrt,"Foresight,",,,"['testing', 'non tech', 'education']",2026-08-05 15:53:13+00:00,"Explore living forecast dossiers with scenario odds, time horizons, risks, source trails, assumptions, and update cues—without pretending uncertainty has disappeared.<br/><br/>Please mention the word **OBSESSION** and tag RMjQwOTo0MDg4OjgwMTU6YzhjZDoyNDQyOmU3N2E6NzdiYzozYjU4 when applying to show you read the job post completely (#RMjQwOTo0MDg4OjgwMTU6YzhjZDoyNDQyOmU3N2E6NzdiYzozYjU4). This is a beta feature to avoid spam applicants. Companies can search these words to find applicants that read this and see they're human.",https://remoteOK.com/remote-jobs/remote-futurelens-xsbrt-1136259,2026-08-11 16:13:47,,Not Disclosed,Not Specified
owlette,Tridant,"Fleet,",,,"['education', 'non tech', 'finance', 'exec', 'saas', 'sys admin', 'vfx', 'c', 'embedded', 'infosec', 'technical', 'customer support', 'web dev', 'travel', 'html', 'ads', 'content writing', 'marketing', 'stats', 'golang', 'recruiter', 'engineer', 'consulting', 'dev', 'virtual assistant', 'firebase', 'cloud', 'typescript', 'node', 'api', 'apache', 'backend', 'digital nomad']",2026-08-05 15:43:23+00:00,"attention<br><br>is all you need<br><br>monitormonitor all of your computerscomputers<br><br>svg]:px-4 text-background font-semibold px-8 h-12 text-base"" href=""/register""&gt;get startedsvg]:px-4 border-border/50 hover:bg-accent-warm/10 hover:border-accent-warm/30 h-12 text-base text-muted-foreground"" href=""/demo""&gt;see the live demo<br><br>windows only<br><br><ul><li> free during beta</li><li>FSL-1.1 source on github<br><br></li></ul>explore the live demo<br><br>one dashboard for every screen, every machine, everywhere.<br><br>owlette lets you monitor, control, and update all of your computers remotely — so you always know they're running, even when you're not there.<br><br>live cpu, memory, gpu, and disk usage for every machine. inline sparkline charts track trends over time. know instantly when something drifts.<br><br>full remote process control across your entire fleet. configure startup sequences, manage dependencies, and auto-restart crashed processes before anyone notices.<br><br>deploy software, configurations, and content to any machine, anywhere. fleet-wide rollouts or targeted single-machine updates — your call.<br><br>cortex turns plain-english questions into real diagnostic actions across your fleet. bring your own openai or anthropic key.<br><br>owlette captures the windows display topology you want and watches for drift. when a restart, a driver update, or an accidental change moves a monitor, owlette restores the known-good layout automatically. mosaic-aware.<br><br>define when machines restart, the order processes start in, and the dependencies between them. owlette runs the playbook so you don't have to.<br><br>displays that stay put.<br><br>windows can lose your display layout after a driver update, a restart, or an accidental change. owlette captures the layout you want, watches for drift, and restores it automatically.<br><br>baselinecaptured<br><br>1<br><br>2<br><br>3<br><br>4<br><br>layout saved<br><br>known-good layout<br><br>driftdetected<br><br>1<br><br>2<br><br>3<br><br>4<br><br>layout changed<br><br>drift detected<br><br>restoredack<br><br>1<br><br>2<br><br>3<br><br>4<br><br>baseline restored<br><br>auto-restored<br><br>captured drift detected auto-restored<br><br>drift detection<br><br>owlette watches for changes after restarts, driver updates, and accidental config edits. when something drifts, you'll know.<br><br>auto-restore<br><br>your known-good layout is restored automatically — no manual intervention, no kiosk that needs a keyboard found in the ceiling.<br><br>mosaic-aware<br><br>detects and protects active nvidia mosaic configurations. owlette won't blindly rewrite a wall it shouldn't touch.<br><br>read the display api reference<br><br>every dashboard action, scriptable.<br><br>the same API that powers the dashboard — scoped keys, idempotency, webhooks, OpenAPI. install the CLI on a runner, import the SDK into your backend, or just curl it.<br><br># restart a process across the API URL=""https://owlette.app/api/sites/$SITE/machines/$MACHINE"" curl -X POST ""$URL/processes/$PROC/restart"" \ -H ""Authorization: Bearer $OWLETTE_TOKEN"" \ -H ""Idempotency-Key: $(uuidgen)""<br><br>scoped keys<br><br>keys are scoped per-site and per-action. a webhook delivery key cannot restart a machine.<br><br>idempotency-key required on writes<br><br>every mutating endpoint enforces idempotency. retry without doubling up.<br><br>webhooks with HMAC signatures<br><br>subscribe to process / deploy / display events. signed payloads, verifiable in any language.<br><br>read the api reference install the cli<br><br>built for<br><br>theme parks/ digital signage/ museums &amp; galleries/ live events/ corporate AV/ worship/ virtual production/ projector walls/ LED installations<br><br>simple, transparent pricing.<br><br>two tiers. no hidden fees. pay only for what you run.<br><br>core<br><br>$10/machine/month<br><br>free during beta<br><br><ul><li> process monitoring &amp; auto-recovery</li><li> start, stop, restart, kill — every process, every machine</li><li> software &amp; file deployment</li><li> display layouts with watchdog auto-revert</li><li> cortex AI fleet assistant (BYOK)*</li><li> 1 site with role-based access</li><li> unlimited machines &amp; members</li><li> email alerts</li><li> email support<br><br></li></ul>svg]:px-4 w-full sm:w-auto mx-auto text-background font-semibold px-10 h-12 text-base"" href=""/register""&gt;get started<br><br>new<br><br>pro<br><br>$50/machine/month<br><br>free during beta<br><br>3-machine minimum<br><br><strong>Everything In Core, Plus<br><br></strong><ul><li> roost — incremental project sync with atomic deploy and rollback</li><li> 1 TB included project storage per site</li><li> $0.05/GB overage</li><li> 50-version retention with 30-day rollback</li><li> public REST API with scoped keys</li><li> CLI + TypeScript SDK</li><li> webhooks with HMAC signing</li><li> unlimited sites with multi-site rbac</li><li> priority support<br><br></li></ul>svg]:px-4 w-full sm:w-auto mx-auto text-background font-semibold px-10 h-12 text-base"" href=""/register""&gt;get started<br><br>need volume pricing or an enterprise agreement? get in touch<br><br><ul><li> cortex requires your own API key (OpenAI, Anthropic, or compatible)<br><br></li></ul>~10s auto-recovery<br><br>crashed processes detected and restarted in under ten seconds.<br><br>runs offline, syncs on reconnect<br><br>agents monitor and recover locally without the cloud. resync resumes automatically when the connection returns.<br><br>no inbound ports — outbound 443 only<br><br>no vpn. no firewall holes. just https to firebase.<br><br>questions, answered.<br><br>during beta, yes — both tiers, no credit card, no trial clock. after beta: core is $10/machine/month for monitoring, control, deploy, displays, and cortex on a single site. pro is $50/machine/month (3-machine minimum) and adds the public API, CLI, SDK, webhooks, unlimited sites, and roost — incremental project sync with 1 TB included storage per site. no per-user fees on either.<br><br>no. owlette is windows-only. your mac is fine — it doesn't need monitoring. it'll let you know when something's wrong. loudly. in the middle of a show.<br><br>the agent keeps running. it monitors and auto-recovers processes whether or not it can reach the cloud. when the connection returns, it syncs everything it missed. your machines don't need the internet to run. they've been alone before. they know how to survive.<br><br>no inbound ports, no vpn. agents connect outbound over https (port 443) to google's firebase infrastructure. if your network allows general internet access, it just works. locked-down environments may need to whitelist *.googleapis.com and *.firebaseio.com.<br><br>cortex is owlette's ai fleet assistant — ask it the questions you ask yourself every day: ""which nvidia driver are we running?"", ""restart the media server on node 3"", ""what crashed at 3am?"" it translates natural language into real commands across your fleet. you bring your own api key (openai, anthropic, or any compatible provider).<br><br>roost is owlette's project sync. point it at a folder — a TouchDesigner project, a content drop, a build output — and it ships only the bytes that changed to every machine on the site, atomically: a machine gets the whole new version or stays on the old one, never a half-copied mess. every deploy is versioned, so you can roll back to any of the last 50 for up to 30 days. it's part of the pro tier and includes 1 TB of storage per site ($0.05/GB after that). no more zipping a folder and RDP-ing into ten machines at 2am.<br><br>agents connect over tls, credentials are encrypted on-device using a machine-bound key, and oauth tokens are never logged or stored in plaintext. access is managed through firebase auth with optional passkey and two-factor authentication.<br><br>yes — owlette is FSL-1.1-Apache-2.0 (converts to apache 2.0 two years after each release). the full source is on github. fair warning: it requires firebase, a railway (or equivalent) deployment for the web app, and a willingness to blow past your usage limits at 3am debugging support tickets from your neighbor's camper because your furnace broke and it's -10 outside. we won't talk you out of it, but the hosted version exists for a reason.<br/><br/>Please mention the word **GIFTED** and tag RMjQwOTo0MDg4OjgwMTU6YzhjZDoyNDQyOmU3N2E6NzdiYzozYjU4 when applying to show you read the job post completely (#RMjQwOTo0MDg4OjgwMTU6YzhjZDoyNDQyOmU3N2E6NzdiYzozYjU4). This is a beta feature to avoid spam applicants. Companies can search these words to find applicants that read this and see they're human.",https://remoteOK.com/remote-jobs/remote-owlette-tridant-1136206,2026-08-11 16:13:47,,Not Disclosed,Remote
With the Ranks,apply.coop,"Cooperative Nagar,",,,"['dev', 'exec', 'digital nomad', 'ruby', 'education', 'finance', 'medical', 'ecommerce']",2026-08-05 15:14:08+00:00,"Cooperative| Everywhere | United States - https://withtheranks.com<br><br>We love to build and host high-performing websites and apps, develop cohesive tech strategies to organize at scale, run A/B tests to optimize websites, improve accessibility and page speed on existing websites, run peer-to-peer texting campaigns through our self hosted fork of Spoke, build and maintain open source tech tools, and a whole lot more.<br/><br/>Please mention the word **KINDLINESS** and tag RMjQwOTo0MDg4OjgwMTU6YzhjZDoyNDQyOmU3N2E6NzdiYzozYjU4 when applying to show you read the job post completely (#RMjQwOTo0MDg4OjgwMTU6YzhjZDoyNDQyOmU3N2E6NzdiYzozYjU4). This is a beta feature to avoid spam applicants. Companies can search these words to find applicants that read this and see they're human.",https://remoteOK.com/remote-jobs/remote-with-the-ranks-apply-coop-1136246,2026-08-11 16:13:47,,Not Disclosed,Not Specified
Wanted Jobs,StratVantage Consulting,"Penryn,",,,"['education', 'non tech', 'finance', 'exec', 'saas', 'sys admin', 'vfx', 'c', 'embedded', 'infosec', 'technical', 'customer support', 'web dev', 'travel', 'html', 'ads', 'content writing', 'marketing', 'stats', 'golang', 'recruiter', 'engineer', 'consulting']",2026-08-05 15:09:28+00:00,"Access Denied<br><br>You don't have permission to access ""http://forsale.godaddy.com/forsale/recruiterconnection.wantedjobs.com?"" on this server.<br><br>Reference #18.c5df3517.1785942562.6776205b<br><br>https://errors.edgesuite.net/18.c5df3517.1785942562.6776205b<br/><br/>Please mention the word **AFFABLE** and tag RMjQwOTo0MDg4OjgwMTU6YzhjZDoyNDQyOmU3N2E6NzdiYzozYjU4 when applying to show you read the job post completely (#RMjQwOTo0MDg4OjgwMTU6YzhjZDoyNDQyOmU3N2E6NzdiYzozYjU4). This is a beta feature to avoid spam applicants. Companies can search these words to find applicants that read this and see they're human.",https://remoteOK.com/remote-jobs/remote-wanted-jobs-stratvantage-consulting-1136205,2026-08-11 16:13:47,,Not Disclosed,Not Specified
Ranger,"WestTech Home Automation, LLC","Middle Claydon,",,,"['education', 'non tech']",2026-08-05 15:07:10+00:00,"Ranger is built for projects that need more internal room, cleaner wiring space, or a larger working footprint than Scout while still staying in a practical indoor enclosure size.<br/><br/>Please mention the word **SOUNDLY** and tag RMjQwOTo0MDg4OjgwMTU6YzhjZDoyNDQyOmU3N2E6NzdiYzozYjU4 when applying to show you read the job post completely (#RMjQwOTo0MDg4OjgwMTU6YzhjZDoyNDQyOmU3N2E6NzdiYzozYjU4). This is a beta feature to avoid spam applicants. Companies can search these words to find applicants that read this and see they're human.",https://remoteOK.com/remote-jobs/remote-ranger-westtech-home-automation-llc-1136195,2026-08-11 16:13:47,,Not Disclosed,Not Specified
Scout,"WestTech Home Automation, LLC","Khajuripada,",,,"['dev', 'exec', 'digital nomad', 'ruby', 'education', 'finance', 'medical', 'ecommerce']",2026-08-05 15:06:57+00:00,"The Scout Product Family is our most compact enclosure option, designed for smaller automation ideas and installs where space is limited. It is a strong fit for DIY projects, compact control applications, and customers who want a clean enclosure they can use almost anywhere they have power.<br/><br/>Please mention the word **STRONGER** and tag RMjQwOTo0MDg4OjgwMTU6YzhjZDoyNDQyOmU3N2E6NzdiYzozYjU4 when applying to show you read the job post completely (#RMjQwOTo0MDg4OjgwMTU6YzhjZDoyNDQyOmU3N2E6NzdiYzozYjU4). This is a beta feature to avoid spam applicants. Companies can search these words to find applicants that read this and see they're human.",https://remoteOK.com/remote-jobs/remote-scout-westtech-home-automation-llc-1136247,2026-08-11 16:13:47,,Not Disclosed,Not Specified
CovalFlow,CovalTech,"Full Sutton,",,,"['education', 'non tech', 'finance', 'exec', 'saas', 'sys admin', 'vfx', 'c', 'embedded', 'infosec', 'technical', 'customer support', 'web dev', 'travel', 'html', 'ads', 'content writing', 'marketing', 'stats', 'golang', 'recruiter', 'engineer', 'consulting', 'dev', 'virtual assistant', 'firebase', 'cloud', 'typescript', 'node', 'api', 'apache', 'backend', 'digital nomad']",2026-08-05 14:29:44+00:00,"Management SaaS for event rental companies: quotes, invoices, inventory and client follow-up in one tool.<br/><br/>Please mention the word **SATISFY** and tag RMjQwOTo0MDg4OjgwMTU6YzhjZDoyNDQyOmU3N2E6NzdiYzozYjU4 when applying to show you read the job post completely (#RMjQwOTo0MDg4OjgwMTU6YzhjZDoyNDQyOmU3N2E6NzdiYzozYjU4). This is a beta feature to avoid spam applicants. Companies can search these words to find applicants that read this and see they're human.",https://remoteOK.com/remote-jobs/remote-covalflow-covaltech-1136207,2026-08-11 16:13:47,,Not Disclosed,Not Specified
Nestohm,CovalTech,"Full Sutton,",,,"['education', 'non tech', 'finance', 'exec', 'saas']",2026-08-05 14:29:29+00:00,"Management SaaS for event rental companies: quotes, invoices, inventory and client follow-up in one tool.<br/><br/>Please mention the word **SUBSIDIZING** and tag RMjQwOTo0MDg4OjgwMTU6YzhjZDoyNDQyOmU3N2E6NzdiYzozYjU4 when applying to show you read the job post completely (#RMjQwOTo0MDg4OjgwMTU6YzhjZDoyNDQyOmU3N2E6NzdiYzozYjU4). This is a beta feature to avoid spam applicants. Companies can search these words to find applicants that read this and see they're human.",https://remoteOK.com/remote-jobs/remote-nestohm-covaltech-1136199,2026-08-11 16:13:47,,Not Disclosed,Not Specified
Don’t Put Yourself a Box,"Order From Chaos, Today!","Ottawa,",,,"['exec', 'full time', 'part time', 'sys admin', 'infosec', 'technical', 'customer support', 'marketing', 'finance', 'c', 'sales', 'medical', 'mobile', 'dev', 'chatbot', 'ops', 'legal', 'engineer', 'digital nomad', 'testing', 'api', 'hr', 'recruiter', 'math', 'ads', 'senior', 'golang']",2026-08-05 14:27:40+00:00,"Photo by Piotr Musioł / Unsplash<br><br>Don’t Put Yourself in a Box<br><br>Personal Development and Career Growth<br><br><ul><li> Apr 26, 2024<br><br></li></ul><strong>Summary<br><br></strong><ul><li>Companies need ""boxes"" (job classifications) to grow and function. This makes hiring, compensation, and career development tractable, and promotes fair treatment of employees.</li><li>If the boxes are too large, a company can't grow. If the boxes are too small, innovation and ownership are smothered.</li><li>The size of a company's boxes is directly proportional to the level of trust employees have for management.</li><li>To get hired, put yourself in the box the company is hiring for. Tailor your resume to highlight those skills and experiences; put yourself out there as a “specialist” in the thing they’re hiring for.</li><li>If aiming for a promotion, demonstrate how your work embodies the behaviors and impacts of the next-level “box”.</li><li>Don't let those boxes define you. Your value and identity goes far beyond any job description.<br><br></li></ul>Hot Take<br><br>Businesses can't function at scale unless they put people in standardized ""boxes""; if you want to be hired and to grow your career, you need to understand that, and understand how to work with those boxes. On the other hand, you can't be reduced to a box, and if you tie your identity to those boxes in your thinking, you'll limit yourself in ways that are unnatural and harmful.<br><br>This is like the paradox of Schrödinger's Cat, both alive and dead at the same time. Like with quantum mechanics and the cat, whether you’re in a box or not depends on who’s doing the measuring: your employer, or you.<br><br>My Box Origin Story<br><br>My introduction to the idea of “boxes” came in the late 2000s, when I noticed that people at Google were having a hard time getting hired or promoted if they were doing “operational” work that didn’t involve much traditional program management. Whether they were being considered for hiring or promotion, they were told, essentially, “<em>You’ve done some great work, but it’s not program management; we’re not sure what role/ladder is a fit for you, but it’s not this one. Next!</em>”<br><br>This was clearly a problem—even though they didn’t do PERT diagrams and Gantt charts, Googlers did important work in these roles, and roadblocks to hiring and promoting them created both operational and retention issues as jobs went vacant and high-performing employees felt their value wasn’t being recognized. As a member of both Program Management hiring and promotion committees at Google I had more visibility to this issue than most others; I spoke to a friend of mine in People Operations (Google’s HR), who turned out to already be well aware of this problem from repeatedly dealing with upset hiring managers and frustrated promotion candidates. Together, we hatched a plan: to create a new job ladder (job classification) for these “operational” program managers to move to, that was better suited to the type of work they did.<br><br>We gathered some data, wrote a proposal, and set up a meeting with the SVP responsible for all engineering at Google. The SVP had been in quite a few meetings I’d presented to before; I knew him to be not only a brilliant and capable leader, but a genuinely nice guy, too, so I had no worries about the meeting. <strong>Imagine my shock then, when this “genuinely nice guy” started <em>yelling </em>at us, telling my partner and I that <em>we were going to wreck Google culture!<br><br></em></strong>I vividly remember what he said: “<em><strong>DON’T PUT PEOPLE IN BOXES!</strong></em>” He told us Google needed <em>some </em>job classifications, but that our culture required those classifications to be both <em>broad </em>and <em>vague</em> so both employees and their managers wouldn’t be blocked from doing whatever needed to be done. The worst thing we could do, the SVP told us, was to make the classification “boxes” so small people could say “<em>that’s not my job</em>”—which is precisely what he saw us proposing to do!<br><br>A year or two before this Google had shifted from having just three job types (over-broadly, they were “<em>engineers</em>”, “<em>technical people that don’t do engineering</em>”, and “<em>everyone else</em>”) to having around around a dozen (one of which was my ladder, “Technical Program Managers”). There had been a lot of debate about whether those boxes were <em>already </em>too small… but the senior team had decided 12–15 job categories were acceptable—enough large boxes to make hiring, career development, and compensation more efficient, but not so many that jobs were defined too narrowly. We left his office dejected, but also enlightened: it said a lot to me that this SVP thought it so important to Google’s culture, a lesson I’ve never forgotten. (Times have changed though; Google now has <em>many </em>more job ladders, including at least 5–10 “operational” ladders broken off from Program Management well beyond what my friend and I had proposed).<br><br>Why Companies Need Boxes<br><br>Why do we need “boxes” (job classifications) at all? Wouldn’t the world be better if everyone just did whatever they saw that needed doing? The value of boxes to corporations comes down to two things: <strong>scaling </strong>and <strong>trust</strong>.<br><br>Scaling<br><br>If you’re in a small startup, you want employees who can wear many hats, and who won’t feel limited by things like job titles. Because there are so few employees, and because you know everyone personally and need everyone you hire to have an outsized impact, you can afford to put a lot of energy into every individual hiring decision. Compensation planning is pretty lightweight and customized, both because there aren’t many people to deal with, and because you want to compensate people based on their contribution to the business, regardless of what their title is. Everyone is a “special snowflake”.<br><br>That changes quickly as your startup grows—you cross a line where it becomes infeasible to treat every hire as a unique individual, with bespoke hiring and compensation. This is where “boxes” become necessary: you have to put people into categories, with standards for how hiring, compensation, and career progression work for each box—it’s the only way you can scale the company. The alternative to this would be to allow an increasing number of managers to continue bespoke hiring and comp within their own areas… which leads to the second issue, trust.<br><br>Trust<br><br>Because startups are so risky, the ability of potential employees to trust the founders is a big deal—if they don’t appear trustworthy, they’re not going to attract the kind of people they need. As the company grows, the number of managers that both employees and senior management need to trust grows, too. At some point it becomes too much: employees’ willingness to “have faith” that managers will make fair and appropriate decisions drops lower and lower, so much so that everything will fall apart without the enforced fairness of standardized boxes.<br><br>💡<br><br><em><em>The size of the boxes in a company are directly proportional to the amount of trust employees have in management<br><br></em></em>Labor unions are the endgame for this sort of trust problem. One of the big rallying points for companies trying to avoid unionization is always to try to convince employees that management has their best interests at heart, and can be trusted. As a rule, unions have close to <em>zero </em>trust for management, and—as a direct consequence—unions often push for the smallest “boxes” possible: boxes for very narrow roles, subdivided by seniority, and sometimes further subdivided by location. They see this as the best way to ensure fairness in an environment where management can’t be trusted <em>at all</em>. This is the ultimate version of the cultural harm my SVP was worried about.<br><br>Boxes and Hiring<br><br>Scaling and trust drive companies to put employees into standard categories, or boxes. How do those boxes affect hiring, and, understanding this, how can you better “sell” yourself as a candidate for jobs?<br><br>Most companies above startup size <em>need </em>to hire for boxes, for the reasons given above; it’s just too much work to do anything else. It would be wonderful if recruiters, interviewers, and hiring managers had the time to carefully read and savor every resume that came in, and then spend time meeting with every candidate to pull out nuances that didn’t come across clearly in their job histories. That’s not the world we live in, though; there are too many candidates to get through, and too few hours in the day.<br><br>The usual practice is for recruiters to work with hiring managers to identify standard requirements (boxes, again!) that can be used to screen out people and reduce the number of candidates they need to go into more depth with (hiring managers will usually never see any of those dropped candidates). Those standard requirements are typically based on a template used for all jobs of the same ladder and level, extended with custom specs tailored to the particular role being hired for. In the language I’ve been using in this article, the job requirements are a very clear “box”, and the screening process only lets through candidates whose “shapes” fit that box, like a child’s sorting toy.<br><br>Source: Flickr user rosipaw, CC BY-NC-SA 2.0<br><br>When there are lots of candidates for a tiny number of jobs, the recruiters don’t magically get more time to handle the extra candidates—instead, they often deal with the overload by <em>tightening </em>the screening criteria even further: that is, by making the boxes smaller.<br><br>Behaviorally, the shift from “startup” to “big company”, and the shift from rapid growth to slow growth, show up to candidates as employers become increasingly selective. <em>Startups like generalists; big companies like specialists</em>. If there are few people vying for each job, hiring managers won't care as much about past experience; <em>if there are many candidates, they’ll only be interested in people who’ve previously done the same kind job they’re hiring for</em>. These trends are amplified when business is tough and hiring budgets are thin: hiring managers become nervous about using their scarce headcount on unproven candidates—<em>they need people who have already shown success in exactly the job the manager needs done</em>.<br><br>💡<br><br><em><em>I’m writing this in April, 2024, in a time of high interest rates and widespread layoffs in tech, and when there are lots of AI-based screening tools being offered that promise to save recruiters time; you do the math about the current hiring market…<br><br></em></em>Besides being lucky, there are two powerful ways to cut through “small box screening”:<br><br><ul><li>Put yourself in the box they’re hiring for. This means customizing your resume for each job you apply for, or at least for each type of job you’re going after. If they’re hiring for someone with experience doing X, focus your resume on how you’ve been successful doing X (or at least, things like X) in the past. When a recruiter or hiring manager looks at your resume, you want them to jump out of their chair and exclaim: “wow, this person is exactly what we’ve been looking for!” </li><li>Pull a Kobayashi Maru by bypassing the whole screening process: use your network of personal connections to get an introduction to the hiring manager. This is probably the single most powerful thing you can do because it exposes you to the hiring manager as a whole person, instead of a peg that fits in a box.<br><br></li></ul>Boxes and Promotions<br><br>A similar situation arises with promotions: the people making decisions about whether you should be promoted or not don’t (usually) have the familiarity with you, or the time, to make a customized decision… and doing so would create fairness issues. Instead, <em>they look at whether you fit the next-level box</em>. I want to talk about two parts to this: one related to the job ladder, and one related to the level.<br><br>Job Ladder<br><br>I vividly remember one promotion committee I served on, where we were deciding whether or not to promote an individual who had <em>unquestionably </em>performed at the next level… but the work they’d done wasn’t consistent with the job ladder (work classification) they were assigned to. They had delivered amazing business impact through striking personal initiative, leadership, and hard work… but what they’d done had nothing in common with the sort of work expected for the job ladder, or “box”, they were in. Should we promote them, or not? We debated the question for far longer than we’d spent on any other candidate we’d reviewed, called in HR support to advise us, and… we couldn’t decide. The rules were that “if you can’t decide, the decision needs to be ‘no’”, so we ended by turning down the promotion and recommending the person for a large cash bonus, instead. Our decision was appealed, and the appeal was denied, too, for the same reason: despite the great work, the candidate’s work was outside the box.<br><br>Sometimes the process and people deciding on your promotions will be more amenable to “outside the box” work, but really, regardless of who’s making the promotion decision, and what their “rules of engagement” are, your chances of success will be greatly enhanced by you being aware of the box imposed by your job ladder as you go about your work, and as you explain that work to others. To be clear: I’m <strong>not </strong>saying to limit what you work on—that’s the “not my job” problem the SVP at the beginning of the article was talking about! What I <em>am </em>saying is that you should <strong>proactively plan how you will <em>describe </em>your work in ways consistent with the box</strong>.<br><br>For example, if you’re a <em>Program </em>Manager and spent a lot of time creating product requirements (the work of a <em>Product </em>Manager at most companies), when you and your direct manager describe it to others, be sure you both talk about (for example) the work you did to understand what other work was dependent on having the requirements, how you delegated and tracked some of the work on market research, bringing it all together into a single document, how you built consensus on the requirements, communicated them to the engineering team, and then managed scope creep—all things that are part of the description of the <em>Program </em>Management box. This makes it easy for the people who will decide on your promotion to say “<em>Huzzah! They did <strong>both </strong>the Program <strong>and </strong>Product Management</em>”, instead of saying “<em>This was great Product Management, too bad they’re a Program Manager</em>.”<br><br>Job Level<br><br>Really, this is a topic that deserves (and will get) an article all on its own, but I think it’s relevant to surface it here: in general,<strong> higher level jobs aren’t just harder/bigger/broader versions of lower level jobs</strong>: they’re different “boxes” altogether. The next-level behaviors senior people are looking for are often behaviors that aren’t exercised much, if at all, at your current level. I think of these as “phase changes”, analogous to the phase changes water goes through as it turns from solid ice to liquid to gas as you turn up the heat: it’s always the same water, but it looks and behaves differently in each phase. Some of these transitions are more abrupt and noticeable than others, but they’re definitely there. At Google for example, there are noticeable differences between all levels, but the “phase changes” are especially acute between levels 5 and 6, and between levels 7 and 8.<br><br>The takeaway here is that you can greatly increases your chances of success by understanding what those “phase changes” are (more senior mentors can be super helpful in this)—what’s <em>qualitatively </em>different about the next-level box—and then work with your manager to proactively plan how you will describe your work in ways that highlight those qualitative differences.<br><br>Boxes and You<br><br>So after telling you about the importance of “boxes”, now I’m going to tell you… <em>to avoid them!<br><br></em>This sure looks like a paradox, but let me explain!<br><br>We’ve been talking about how companies, managers, and recruiters use boxes, and how, because of scaling and trust, it’s just not practical for them to operate in any other way. We’d hope that they don’t make the boxes too small, and that they have good judgment in how they apply them… but boxes are a fact of life in the world of work.<br><br>The place where you should avoid boxes isn’t in the workplace, though: it's <strong>in your head</strong>. It’s completely natural for people’s occupation and organization to become a part of their identity… but it's harmful to let that go too far: <strong>you are not your job, and you are not your job title</strong>.<br><br>A lot has been written about the psychology of tying one’s identity to their job, but the thing I want to focus on here is how putting yourself in a box in your own thinking (e.g. seeing yourself as a “Product Manager”, as a “Googler”, and so on) can mean putting counterproductive limits on your own behavior, and your own thinking about what’s possible.<br><br>💡<br><br><em><em>You’re much more than, and much more capable than, the box you’re in.<br><br></em></em>From a career perspective, it’s a good practice to periodically take some time out and take stock of where you are now and how that fits with where you want to go. If you do this sort of self-assessment you’ll often decide you’re basically on the right path and just need to make some minor adjustments… but sometimes you’ll realize that the path you’re on won’t take you where you want to be, and that bigger changes are needed: maybe you should ask your manager for different responsibilities? Change teams? Change job ladders? Even change companies? All of those require seeing beyond the box you’re in.<br><br>Even though you need to describe yourself in terms of boxes to get where you are now, if your own thinking is constrained by those boxes, it will be hard for you to see that maybe the best path for you is quite different from the one you’re on. Maybe you should change teams? Roles? Departments? Even change your city, or your employer? Don’t get me wrong: I know plenty of people who’ve been in more or less the same job, in the same place, working for the same company, for many years, and they’re very happy… but it’s also common for people stay in the same role because they see that role defining them, instead of just being something they do.<br><br>How You Can Bring Order From Chaos, Today<br><br>Here are some things you can do now to apply these ideas:<br><br><ul><li>If you’re looking for a job now, describe yourself as being well inside the box your potential employer is hiring for: tune your resume to the job you’re going after. You should have a different resume at least for every “class” of job, and sometimes for each specific job. It can be hard to do it if you’re going after several types of job at the same time, but your LinkedIn resume needs to support the more focused, specialized resumes you’re using. Make sure you highlight the skills and expertise called out in the job ads you’re applying to, and talk about your skill and experience in that area. No one hires generalists, so don’t call yourself one in your resume; instead, describe yourself as a specialist in the very thing your target company is hiring for.</li><li>If you’re working toward a promotion now, put yourself in the box you want to be promoted to. Ask your manager and mentors to help you understand the heart of the next-level box, and think about how you can describe your work, behavior, and accomplishments in terms of that box.</li><li>Don’t tie your identity to the box you’re in. You are a complete person with a personality, skills, and experience that transcend any mere box, and if you tie up your identity with the boxes other people put you in, you will limit the paths you can take and the things you can accomplish.<br><br></li></ul>What Do You Think?<br><br>I'd love to hear about your experiences with boxes! If you're a paid supporter of this newsletter (hint, hint!) you can add comments below.<br><br>Tags<br><br><ul><li>Personal Development and Career Growth<br><br></li></ul>Subscribe to our newsletter<br><br>Get the latest posts delivered right to your inbox.<br><br>Your email address<br><br>Now check your inbox and click the link to confirm your subscription.<br><br>Please enter a valid email address<br><br>Oops! There was an error sending the email, please try later.<br><br>Forrest Thiessen<br><br>I'm a geek who's worked at Google building data centers, networks, developer tools, and more for 17 years. I'm interested in science, technology, space, history, scifi, law, urbanism, and economics.<br><br>Recommended for you<br><br>Personal Development and Career Growth<br><br>Telling Your Story<br><br>2 years ago<br><br><ul><li> 14 min read<br><br></li></ul>Personal Development and Career Growth<br><br>Is Project Manager Certification Worth It?<br><br>2 years ago<br><br><ul><li> 4 min read<br><br></li></ul>Personal Development and Career Growth<br><br>Telling Your Story<br><br>2 years ago<br><br><ul><li> 14 min read<br><br></li></ul>Personal Development and Career Growth<br><br>Is Project Manager Certification Worth It?<br><br>2 years ago<br><br><ul><li> 4 min read<br><br></li></ul>Personal Development and Career Growth<br><br>Telling Your Story<br><br>2 years ago<br><br><ul><li> 14 min read<br><br></li></ul>Personal Development and Career Growth<br><br>Is Project Manager Certification Worth It?<br><br>2 years ago<br><br><ul><li> 4 min read</li></ul><br/><br/>Please mention the word **ENLIVEN** and tag RMjQwOTo0MDg4OjgwMTU6YzhjZDoyNDQyOmU3N2E6NzdiYzozYjU4 when applying to show you read the job post completely (#RMjQwOTo0MDg4OjgwMTU6YzhjZDoyNDQyOmU3N2E6NzdiYzozYjU4). This is a beta feature to avoid spam applicants. Companies can search these words to find applicants that read this and see they're human.",https://remoteOK.com/remote-jobs/remote-dont-put-yourself-a-box-order-from-chaos-today-1136184,2026-08-11 16:13:47,,Not Disclosed,Not Specified
AdFlow,SimpleTech.AI,"Indiana,",,,[],2026-08-05 14:03:34+00:00,A minimalist todo app that keeps you focused with time-bound tasks. Maximum 2 tasks at a time. No endless lists.<br/><br/>Please mention the word **GLIMMER** and tag RMjQwOTo0MDg4OjgwMTU6YzhjZDoyNDQyOmU3N2E6NzdiYzozYjU4 when applying to show you read the job post completely (#RMjQwOTo0MDg4OjgwMTU6YzhjZDoyNDQyOmU3N2E6NzdiYzozYjU4). This is a beta feature to avoid spam applicants. Companies can search these words to find applicants that read this and see they're human.,https://remoteOK.com/remote-jobs/remote-adflow-simpletech-ai-1136237,2026-08-11 16:13:47,,Not Disclosed,Not Specified
News,SimpleTech.AI,"Newport News,",,,[],2026-08-05 14:03:22+00:00,A minimalist todo app that keeps you focused with time-bound tasks. Maximum 2 tasks at a time. No endless lists.<br/><br/>Please mention the word **GROUNDBREAKING** and tag RMjQwOTo0MDg4OjgwMTU6YzhjZDoyNDQyOmU3N2E6NzdiYzozYjU4 when applying to show you read the job post completely (#RMjQwOTo0MDg4OjgwMTU6YzhjZDoyNDQyOmU3N2E6NzdiYzozYjU4). This is a beta feature to avoid spam applicants. Companies can search these words to find applicants that read this and see they're human.,https://remoteOK.com/remote-jobs/remote-news-simpletech-ai-1136236,2026-08-11 16:13:47,,Not Disclosed,Not Specified
Stay Hungry. Stay Foolish. Serve Others,AS UNEXPECTED,"Mankota 45,",,,"['exec', 'full time', 'part time', 'sys admin', 'infosec', 'technical', 'customer support', 'marketing', 'finance', 'c', 'sales', 'medical', 'mobile', 'dev', 'chatbot', 'ops', 'legal', 'engineer', 'digital nomad', 'testing', 'api', 'hr', 'recruiter', 'math', 'ads', 'senior', 'golang']",2026-08-05 13:57:50+00:00,"Roy is an innovator in AI-powered recruitment. Moving to the US at 17, he earned degrees in CS, math, and finance from Virginia Tech before working as a derivatives trader on Wall Street during the 2008 financial crisis. His recruiting career took off at SmartRecruiters in San Francisco, where he served as Head of Marketplace and helped scale the company from pre-revenue to unicorn status. He since founded Jobs for Humanity to connect underserved communities with global employers. Today, Roy leads Kanz (ka.nz), the AI recruitment copilot that has scaled to 1 million job seekers. Kanz automates recruiting and delivers vetted candidates within days. Starting in KSA, Kanz is poised to be a standard for AI-powered recruitment in the Middle East.<br/><br/>Please mention the word **PROSPER** and tag RMjQwOTo0MDg4OjgwMTU6YzhjZDoyNDQyOmU3N2E6NzdiYzozYjU4 when applying to show you read the job post completely (#RMjQwOTo0MDg4OjgwMTU6YzhjZDoyNDQyOmU3N2E6NzdiYzozYjU4). This is a beta feature to avoid spam applicants. Companies can search these words to find applicants that read this and see they're human.",https://remoteOK.com/remote-jobs/remote-stay-hungry-stay-foolish-serve-others-as-unexpected-1136185,2026-08-11 16:13:47,,Not Disclosed,Not Specified
Signitic,Wesaas,"Sardhana,",,,"['dev', 'exec', 'digital nomad', 'ruby', 'education', 'finance', 'medical', 'ecommerce']",2026-08-05 13:48:34+00:00,Exploitez les signatures e-mail de votre entreprise : Centralisez les signatures de vos collaborateurs Exploitez la puissance de votre principal canal de communication<br/><br/>Please mention the word **THRIFTY** and tag RMjQwOTo0MDg4OjgwMTU6YzhjZDoyNDQyOmU3N2E6NzdiYzozYjU4 when applying to show you read the job post completely (#RMjQwOTo0MDg4OjgwMTU6YzhjZDoyNDQyOmU3N2E6NzdiYzozYjU4). This is a beta feature to avoid spam applicants. Companies can search these words to find applicants that read this and see they're human.,https://remoteOK.com/remote-jobs/remote-signitic-wesaas-1136248,2026-08-11 16:13:47,,Not Disclosed,Not Specified
Build with us,Memento AI,"Hagerstown,",,,[],2026-08-05 13:36:35+00:00,"We don't list roles. We meet people first. If you care about memory, time, and building a computer that truly understands you, grab a coffee with Erick. Or send your resume to contact — we'll remember to reach out.<br/><br/>Please mention the word **APPROVE** and tag RMjQwOTo0MDg4OjgwMTU6YzhjZDoyNDQyOmU3N2E6NzdiYzozYjU4 when applying to show you read the job post completely (#RMjQwOTo0MDg4OjgwMTU6YzhjZDoyNDQyOmU3N2E6NzdiYzozYjU4). This is a beta feature to avoid spam applicants. Companies can search these words to find applicants that read this and see they're human.",https://remoteOK.com/remote-jobs/remote-build-with-us-memento-ai-1136238,2026-08-11 16:13:47,,Not Disclosed,Not Specified
Don’t miss the stitch Time,iOpener.Today,"Marwar Junction,",,,[],2026-08-05 13:24:47+00:00,"Courses Available:If biochemistry is your choice of career, many degrees within this discipline or related fields are widely available,...<br/><br/>Please mention the word **TENACIOUS** and tag RMjQwOTo0MDg4OjgwMTU6YzhjZDoyNDQyOmU3N2E6NzdiYzozYjU4 when applying to show you read the job post completely (#RMjQwOTo0MDg4OjgwMTU6YzhjZDoyNDQyOmU3N2E6NzdiYzozYjU4). This is a beta feature to avoid spam applicants. Companies can search these words to find applicants that read this and see they're human.",https://remoteOK.com/remote-jobs/remote-dont-miss-the-stitch-time-iopener-today-1136281,2026-08-11 16:13:47,,Not Disclosed,Not Specified
Knowledge vs Wisdom,iOpener.Today,"Marwar Junction,",,,['exec'],2026-08-05 13:24:43+00:00,"Courses Available:If biochemistry is your choice of career, many degrees within this discipline or related fields are widely available,...<br/><br/>Please mention the word **LUXURIATE** and tag RMjQwOTo0MDg4OjgwMTU6YzhjZDoyNDQyOmU3N2E6NzdiYzozYjU4 when applying to show you read the job post completely (#RMjQwOTo0MDg4OjgwMTU6YzhjZDoyNDQyOmU3N2E6NzdiYzozYjU4). This is a beta feature to avoid spam applicants. Companies can search these words to find applicants that read this and see they're human.",https://remoteOK.com/remote-jobs/remote-knowledge-vs-wisdom-iopener-today-1136350,2026-08-11 16:13:47,,Not Disclosed,Not Specified
